# Object Export From Tinkercad Server 2015

mtllib obj.mtl

o obj_0
v 25.277 		18.357 		32.823
v -10.752 		27.086 		16.589
v 13.345 		-32.293 		6.134
v 14.512 		-32.579 		4.465
v 18.892 		21.002 		38.667
v 23.659 		17.467 		38.591
v -12.179 		-23.111 		19.24
v 10.367 		-34.092 		4.473
v -36.91 		5.464 		5.607
v -36.428 		8.327 		5.332
v 17.077 		22.737 		37.736
v 0.6519 		-10.1075 		27.4493
v 0.6087 		-10.1324 		27.4728
v -14.664 		-20.883 		23.45
v 12.178 		-32.007 		7.803
v -14.68 		-18.937 		21.09
v -14.101 		-16.751 		23.111
v -14.981 		-18.811 		19.239
v 16.6195 		20.3554 		40.8993
v -13.9299 		-16.0975 		24.576
v -14.01 		-16.6162 		24.177
v 16.6369 		20.3603 		40.8821
v 17.213 		20.524 		40.316
v -2.1412 		13.5624 		41.7278
v 17.3345 		19.0157 		41.6671
v -2.7225 		12.1987 		41.0432
v 17.3309 		19.0601 		41.6273
v -2.1196 		13.6131 		41.7532
v -1.3285 		15.4686 		42.6847
v -1.323 		15.51 		42.648
v 12.815 		-34.989 		0.135
v 8.518 		-36.85 		0.113
v -1.5115 		14.8879 		42.4656
v -2.7934 		12.0458 		40.96
v -2.403 		11.442 		43.996
v 17.448 		17.607 		42.929
v 19.496 		18.376 		40.697
v 14.55 		-33.828 		0.207
v -2.6528 		12.1008 		41.2905
v -2.7369 		12.0142 		41.0225
v 13.664 		-33.784 		2.3
v -2.7902 		11.8993 		40.96
v 17.975 		17.8049 		42.3546
v -2.0655 		13.5888 		41.8132
v 17.9917 		17.8111 		42.3365
v -1.366 		13.594 		45.365
v -0.244 		16.636 		46.817
v 14.27 		41.62 		14.59
v 15.784 		40.06 		14.963
v -1.971 		9.791 		43.993
v 14.565 		42.191 		12.334
v 11.146 		38.134 		15.678
v 17.682 		23.885 		33.226
v 12.05 		40.421 		14.524
v 10.586 		18.16 		50.876
v 1.752 		35.615 		13.713
v 17.282 		0.653 		42.701
v 6.787 		38.049 		14.055
v 17.7639 		0.5402 		41.6933
v 4.286 		37.336 		10.901
v 17.7757 		0.5374 		41.6686
v 10.438 		20.932 		48.04
v 8.364 		20.83 		46.119
v 11.094 		22.273 		45.898
v 16.4556 		-0.52 		40.202
v 16.4697 		-0.52 		40.1799
v 16.58 		-0.52 		40.007
v 15.816 		44.739 		0.087
v 13.938 		43.753 		0.063
v 17.876 		-0.804 		37.324
v 18.059 		-3.488 		34.356
v 17.332 		-2.413 		35.843
v 11.479 		23.839 		42.908
v 10.2208 		23.0457 		42.7836
v 23.806 		-0.583 		34.844
v 8.6376 		21.7581 		43.2892
v 25.086 		0.378 		33.188
v 11.2577 		23.8964 		42.4593
v 4.163 		38.047 		5.789
v 11.3278 		23.9449 		42.429
v 11.5963 		24.1306 		42.3127
v 11.5322 		23.9523 		42.6647
v 11.6033 		24.1292 		42.3037
v 10.3693 		23.0137 		43.0428
v 11.413 		23.8699 		42.7163
v 11.2788 		23.9047 		42.4443
v 9.6065 		22.5329 		42.9674
v 8.7126 		21.8061 		43.2531
v 5.962 		39.189 		4.023
v -0.4651 		17.384 		43.6988
v -9.988 		26.584 		18.943
v -0.5025 		17.3777 		43.6568
v 15.53 		43.904 		4.049
v 12.061 		42.767 		0.04
v -1.3068 		15.5269 		42.7105
v 8.192 		21.4728 		43.5037
v -1.3235 		15.4805 		42.6907
v 13.113 		18.405 		48.051
v 13.725 		22.109 		41.808
v -0.4189 		17.3118 		43.9206
v 9.058 		40.46 		5.81
v -1.3237 		15.4801 		42.6905
v 10.394 		41.628 		2.269
v -1.2447 		15.4028 		42.9488
v -1.244 		15.433 		42.906
v 14.351 		18.947 		45.34
v -1.2277 		15.45 		42.969
v 14.038 		20.528 		43.574
v -1.2313 		15.5424 		42.7955
v -1.1155 		15.788 		42.9312
v -0.4343 		17.3559 		43.7326
v -0.3707 		17.3666 		43.8041
v -0.2669 		17.384 		43.9208
v -1.2718 		15.4138 		42.747
v -1.436 		15.065 		42.5545
v 15.534 		20.047 		41.966
v -11.562 		9.277 		45.43
v -13.039 		9.797 		44.053
v 33.11 		18.772 		22.882
v 15.622 		-32.376 		2.251
v 2.792 		-36.973 		4.52
v 0.211 		-37.872 		4.44
v 2.253 		-35.939 		7.182
v 5.308 		-35.964 		4.502
v 19.87 		0.047 		37.289
v 7.812 		-35.034 		4.491
v 5.847 		-9.087 		23.272
v 33.26 		15.916 		20.664
v -11.334 		11.461 		42.458
v -14.033 		-16.7563 		24.0706
v -14.1351 		-17.3796 		23.5976
v -14.0086 		-16.8894 		24.3223
v 3.634 		-35.101 		0.025
v -14.0705 		-17.1043 		23.7854
v -14.0439 		-16.9417 		23.9088
v -13.9712 		-16.4707 		24.2713
v -9.961 		9.555 		43.498
v 6.58 		-37.684 		0.097
v -13.9102 		-16.0747 		24.576
v 2.163 		-38.348 		2.305
v -1.07 		7.004 		44.046
v -14.9642 		-20.9099 		21.1888
v 1.534 		-39.724 		0.09
v -3.444 		9.01 		42.645
v -14.5988 		-19.6356 		22.3893
v -14.1345 		-17.6572 		23.7395
v -0.2908 		4.5955 		43.5792
v 0 		4.4714 		43.5883
v -14.6191 		-19.535 		22.1029
v -14.1212 		-17.4134 		23.5508
v -11.9388 		0.4645 		41.0486
v -0.291 		4.5955 		43.5791
v -0.4505 		4.6635 		43.574
v -0.291 		4.5954 		43.579
v -14.9461 		-20.9266 		21.1536
v -6.408 		0.008 		37.802
v -3.403 		0.453 		37.012
v -4.751 		-1.887 		33.291
v -5.0364 		-21.6961 		23.2311
v -5.092 		-21.3938 		23.092
v -2.3835 		6.4083 		41.2803
v -2.534 		6.5387 		41.115
v 21.864 		0.898 		37.254
v -0.634 		-1.318 		36.628
v 16.7049 		-0.3112 		40.4864
v 16.6908 		-0.3349 		40.4321
v -1.202 		-27.344 		23.663
v -6.562 		-26.418 		23.39
v -2.3835 		6.4083 		41.2802
v -2.3836 		6.4081 		41.2802
v -2.4623 		6.4064 		41.3637
v -2.751 		-27.84 		21.236
v 14.836 		-0.52 		42.741
v -7.0998 		-26.443 		20.8033
v 14.5849 		-0.8604 		41.864
v -7.1457 		-26.4451 		20.5825
v -7.172 		-26.4154 		20.6387
v 13.9152 		-0.9554 		42.769
v 13.9159 		-0.9553 		42.7679
v 12.368 		-1.687 		42.816
v -7.0215 		-26.4885 		20.8899
v -7.355 		8.923 		42.114
v 12.932 		-0.691 		44.877
v 13.496 		0.305 		46.938
v -5.6272 		2.9479 		41.0926
v -5.5426 		2.9628 		40.9711
v 12.7353 		-1.0383 		44.1583
v -5.5349 		2.9642 		40.96
v 11.474 		-1.05 		46.084
v 9.281 		-2.118 		46.115
v -6.3786 		-24.4998 		21.5746
v 8.872 		-2.97 		42.98
v -2.546 		4.298 		42.165
v -2.646 		-0.693 		34.399
v -4.299 		-28.337 		18.808
v -0.227 		-29.547 		16.999
v -0.767 		-27.58 		18.685
v 11.1856 		-1.1905 		46.0881
v 11.2663 		-1.1754 		45.9702
v 11.3168 		-1.166 		45.8965
v -0.0854 		-30.0619 		16.5576
v -0.0852 		-30.062 		16.5575
v 10.173 		-2.01 		44.532
v 11.1059 		-1.1854 		46.156
v -0.1187 		-30.0537 		16.5711
v 12.6844 		-1.0401 		44.2137
v -1.6484 		3.935 		42.2145
v -1.4854 		3.8692 		42.2235
v -2.436 		-27.826 		19.917
v -2.2187 		3.6148 		41.5678
v -2.1593 		3.4908 		41.4595
v 10.1789 		-1.1265 		46.946
v -5.751 		-27.713 		19.421
v 12.1643 		-1.058 		44.781
v -8.077 		-28.385 		17.498
v -6.3928 		-27.8984 		18.8904
v -6.6874 		-27.9835 		18.6468
v 9.644 		-0.498 		48.307
v -6.286 		-28.3284 		18.5866
v -6.2827 		-28.3298 		18.5868
v 8.2027 		21.3513 		43.828
v 8.7769 		21.719 		43.5517
v 8.5458 		21.6706 		43.3064
v -6.4118 		-28.2676 		18.5653
v 8.192 		21.444 		43.4767
v -6.695 		-28.1305 		18.5174
v -6.792 		0.912 		38.822
v -6.4115 		-28.2675 		18.565
v -12.359 		-2.872 		36.055
v -13.283 		-4.095 		34.253
v -11.119 		-3.634 		34.179
v 6.603 		21.615 		41.049
v -4.925 		-30.799 		16.821
v 5.532 		20.507 		42.556
v 9.4638 		-1.056 		47.4943
v 9.5126 		-1.0842 		47.5138
v 8.0669 		21.3927 		43.5639
v -5.4954 		-28.6681 		18.6163
v 8.0118 		21.3532 		43.5864
v -4.0301 		-29.0845 		18.1532
v -1.5913 		-29.6886 		17.1664
v 8.192 		-0.3203 		46.9868
v 9.3042 		-0.9637 		47.4306
v -4.0946 		-29.0668 		18.1752
v 7.95 		21.614 		42.559
v 8.045 		-0.087 		47.094
v 7.0396 		0.4444 		46.2887
v 33.837 		19.989 		21.311
v 7.9871 		-0.1723 		46.8333
v 6.1857 		1 		45.7978
v 7.563 		-0.797 		44.924
v -8.911 		26.462 		20.724
v -11.297 		25.734 		20.282
v 8.1843 		-0.3158 		46.9837
v 5.541 		-0.465 		41.168
v 3.143 		18.785 		44.767
v -4.4592 		-28.967 		18.2996
v 3.259 		18.269 		46.935
v 3.2131 		18.4733 		46.0766
v 3.1015 		18.4064 		46.1345
v -5.8188 		-28.2545 		17.9367
v -6.3538 		-28.2663 		18.5039
v 2.7073 		18.1698 		46.339
v -6.354 		-28.2663 		18.5041
v 5.931 		19.11 		47.408
v 10.232 		-4.078 		37.352
v 4.5977 		19.1714 		45.2337
v -1.5849 		-29.6902 		17.1638
v 8.443 		-4.041 		39.656
v 5.4212 		19.4935 		45.0949
v 5.3368 		19.451 		45.1463
v 5.95 		19.658 		45.171
v -5.8183 		-28.2545 		17.9361
v 4.8543 		19.3008 		45.0775
v 4.9395 		19.3437 		45.0256
v 12.776 		-2.941 		37.23
v 4.7141 		19.2203 		45.1536
v -7.423 		-26.458 		19.249
v 5.8966 		19.7665 		44.8367
v 11.509 		-2.661 		39.984
v -14.916 		4.588 		45.251
v -13.351 		5.405 		47.314
v -11.671 		4.054 		46.23
v -10.117 		5.865 		47.865
v 5.725 		-8.861 		23.133
v 16.2816 		-0.6461 		40.0041
v 16.101 		-0.7224 		40.0023
v -11.744 		-0.246 		40.131
v -11.933 		-1.682 		37.762
v -12.8442 		0.1289 		40.0264
v -12.6131 		0.0502 		40.0484
v -11.8979 		0.3153 		40.8559
v -12.249 		1.596 		42.51
v -9.94 		2.176 		42.62
v -8.49 		4.09 		44.871
v -11.78 		2.87 		44.483
v -9.2107 		3.2615 		43.9378
v -9.1267 		3.2495 		43.8825
v -8.722 		-0.82 		37.561
v -9.3584 		3.2643 		44.0074
v -9.226 		3.2454 		43.9202
v -10.274 		2.302 		42.9582
v -10.1634 		2.2603 		42.8462
v -8.587 		7.649 		44.537
v -9.331 		0.678 		40.09
v -9.2998 		3.3093 		43.8391
v -11.3317 		1.3074 		41.7493
v -10.5976 		2.0108 		42.5887
v -10.3798 		2.0655 		42.599
v -14.643 		-1.333 		36.922
v -11.2107 		1.2694 		41.6489
v -14.9613 		-0.6987 		37.6351
v -14.8903 		-0.8401 		37.4762
v -6.3689 		12.0888 		36.9569
v 33.605 		12.603 		17.926
v 33.396 		9.689 		16.825
v -3.43 		11.471 		38.789
v -2.9304 		11.7501 		40.7993
v 35.174 		20.312 		18.153
v -3.719 		10.0484 		39.8742
v -4.1876 		9.192 		39.3284
v -4.1217 		9.192 		39.4022
v -4.0843 		9.2603 		39.4458
v -2.97 		11.6647 		40.7529
v -3.0645 		11.4607 		40.6419
v -3.4351 		10.5673 		40.2049
v -3.6927 		10.0966 		39.9049
v -3.643 		10.0664 		39.9598
v -6.308 		-27.2949 		19.3637
v -6.5636 		-27.103 		19.3374
v -3.3582 		10.7528 		40.2956
v -3.2219 		11.0814 		40.4564
v -3.3691 		10.4601 		40.4479
v -2.9966 		11.3587 		40.8872
v -3.3685 		10.5676 		40.2795
v -3.0401 		11.3599 		40.6668
v -3.6198 		10.1086 		39.9868
v -2.9536 		11.5466 		40.7683
v -2.9262 		11.6057 		40.8004
v 0 		-30.0761 		16.5061
v -0.5741 		-29.9406 		16.7548
v 14.046 		-1.591 		39.982
v 16.3154 		-0.6318 		40.0044
v -5.7988 		-28.2541 		17.9154
v 16.189 		-0.7163 		39.8987
v 16.2055 		-0.7151 		39.8793
v 16.186 		-0.7136 		39.8953
v 16.1064 		-0.6447 		39.8079
v -16.0274 		-1.1926 		36.429
v -15.6093 		-0.9646 		36.9027
v -15.394 		-1.0467 		36.907
v -15.9029 		-1.3242 		36.3303
v -16.384 		-1.1987 		36.1953
v -16.2278 		-1.2664 		36.2027
v -16.0065 		-1.3624 		36.2133
v -16.2654 		-1.2338 		36.1614
v -16.384 		-1.1311 		36.0311
v -5.57 		-14.244 		33.265
v -3.949 		-15.072 		34.091
v -17.366 		-2.194 		34.233
v -16.6 		-0.587 		36.883
v -16.8046 		-1.0162 		36.1752
v -18.263 		-0.4218 		36.1988
v -18.277 		-0.4145 		36.195
v -18.557 		0.159 		36.843
v -21.0694 		0.9367 		35.7224
v -20.173 		0.5244 		35.822
v -20.796 		0.037 		34.029
v -21.1859 		1 		35.6858
v -19.2915 		0.119 		35.9199
v -18.8442 		1 		33.3284
v -2.679 		-20.545 		33.416
v -2.328 		-15.901 		34.916
v -0.456 		-16.116 		33.436
v -7.935 		-4.975 		29.883
v -5.891 		-3.595 		31.278
v 37.517 		21.263 		12.601
v 33.606 		23.814 		14.519
v 36.381 		23.981 		8.478
v 36.357 		20.826 		15.342
v 37.146 		17.649 		12.78
v 38.641 		19.752 		9.767
v 34.075 		24.919 		10.895
v 37.577 		26.56 		0.068
v 35.005 		26.981 		4.208
v 39.815 		18.424 		6.871
v 41.637 		18.829 		3.945
v 38.422 		19.167 		0.025
v 42.751 		22.18 		0.154
v 40.078 		21.64 		6.673
v 41.925 		22.002 		2.223
v 40.857 		20.235 		5.309
v 42.194 		20.505 		2.049
v 42.579 		18.979 		0.079
v 37.064 		14.399 		12.859
v 34.573 		11.019 		15.398
v 35.838 		16.926 		14.514
v 34.714 		13.349 		15.429
v 37.782 		16.247 		11.243
v 34.426 		7.708 		15.461
v 36.052 		4.786 		13.784
v 37.674 		1.153 		9.748
v 20.71 		-16.207 		26.199
v 22.499 		-16.917 		25.042
v 18.496 		-17.336 		26.394
v 15.181 		-4.31 		34.714
v 12.632 		-5.062 		34.791
v 18.596 		-15.967 		27.197
v 16.481 		-15.728 		28.196
v 9.933 		-6.036 		34.573
v 18.555 		-19.853 		24.656
v 0.719 		-3.398 		34.267
v 4.2 		-5.196 		34.119
v 28.747 		-19.059 		21.212
v 8.057 		-4.802 		37.391
v 27.01 		-20.661 		20.877
v 5.758 		-3.757 		37.294
v 26.896 		-18.682 		22.188
v 3.459 		-2.712 		37.198
v 26.782 		-16.702 		23.499
v 27.99 		-16.313 		21.674
v 30.534 		-21.346 		19.121
v 28.288 		-21.881 		19.423
v 26.043 		-22.417 		19.725
v 31.061 		-21.294 		16.965
v 31.053 		-18.096 		18.419
v 29.198 		-15.924 		19.849
v 21.54 		-19.112 		23.985
v 24.287 		-17.627 		23.886
v 20.177 		-22.827 		21.03
v 16.425 		-23.019 		22.339
v 16.406 		-21.814 		24.137
v 18.292 		-22.321 		22.584
v 22.301 		-21.34 		22.255
v 20.03 		-21.305 		23.149
v 24.45 		-20.882 		21.723
v 23.503 		-23.184 		19.291
v 18.384 		-24.621 		18.628
v 20.624 		-23.954 		18.423
v 17.655 		-25.678 		16.877
v 16.444 		-24.223 		20.541
v 9.485 		-16.392 		24.74
v 8.847 		-19.248 		25.518
v 8.5005 		-19.255 		25.9936
v 8.5085 		-17.2132 		26.0528
v 8.5119 		-17.2103 		26.0483
v 8.5039 		-19.2549 		25.9889
v 8.5446 		-16.6413 		26.1073
v 8.5479 		-16.6405 		26.1026
v 11.356 		-16.688 		25.545
v 16.283 		-18.466 		26.589
v 6.3827 		20.0812 		44.6059
v 5.8479 		19.8654 		44.5322
v 6.7768 		20.4666 		44.0912
v 6.3891 		20.0858 		44.6032
v 7.7825 		21.1886 		43.6801
v 6.7835 		20.4715 		44.0884
v 8.4944 		-20.8283 		25.9481
v 8.21 		-22.103 		26.295
v 6.9049 		20.4197 		44.3585
v 8.4979 		-20.8126 		25.9438
v 7.2989 		20.8051 		43.8438
v 8.0916 		21.3742 		43.5198
v 8.1634 		21.4257 		43.4904
v 8.2758 		-22.5784 		25.6602
v 8.2766 		-22.5843 		25.6523
v 8.3393 		-21.8978 		25.748
v 8.3409 		-21.8953 		25.7413
v 2.1394 		17.8212 		46.6264
v 6.021 		-19.305 		29.397
v 6.615 		-17.153 		28.913
v 2.2396 		17.7585 		46.909
v 2.7492 		18.0713 		46.6511
v 2.8107 		18.1091 		46.62
v 4.21 		-20.45 		31.439
v 2.1248 		17.7859 		46.6092
v 2.5851 		18.0685 		46.3763
v 2.05 		-21.732 		31.516
v 5.056 		19.2898 		45.2988
v 4.5744 		19.1401 		45.2295
v 3.3008 		18.4981 		46.005
v 3.3197 		18.4146 		46.356
v 3.1476 		18.4062 		46.0844
v 6.078 		-22.284 		29.173
v 0 		17.4289 		44.2208
v 3.565 		-18.184 		30.485
v 12.06 		26.685 		37.032
v 12.399 		27.522 		34.149
v 10.554 		26.403 		35.598
v 7.811 		-6.831 		34.273
v 36.695 		8.294 		12.976
v -11.429 		26.277 		17.378
v 1.298 		-18.499 		32.926
v -8.387 		25.946 		22.99
v 10.612 		27.168 		32.872
v 36.064 		-6.564 		13.28
v 35.064 		-4.29 		15.176
v -1.854 		-2.189 		31.114
v 9.398 		25.323 		37.112
v 35.823 		-1.204 		13.823
v -10.4379 		-27.0001 		17.0513
v -3.248 		12.909 		36.381
v -10.224 		-26.9617 		17.2072
v -9.096 		-25.203 		19.077
v -7.4069 		13.8786 		36.0098
v -8.6167 		-25.5626 		19.1263
v -8.5321 		-25.626 		19.135
v -3.427 		-3.156 		30.031
v -1.649 		-3.03 		28.858
v -7.3384 		13.9188 		35.9161
v -16.297 		23.257 		22.183
v -15.892 		23.925 		18.101
v -7.268 		13.7799 		35.9916
v -13.961 		24.865 		17.704
v -11.278 		25.355 		23.49
v -7.792 		-3.637 		32.289
v -4.999 		-4.123 		28.947
v -2.575 		-4.211 		27.23
v 36.303 		2.09 		13.121
v -3.502 		-5.392 		25.602
v 37.571 		5.317 		10.474
v -6.249 		-6.317 		25.295
v -1.49 		-4.778 		24.826
v -8.924 		-6.389 		27.785
v -13.299 		-5.959 		31.946
v -15.11 		-6.542 		28.871
v -15.916 		-4.499 		31.64
v -7.612 		-12.915 		32.131
v -5.8071 		-10.0106 		29.1051
v -5.8257 		-9.9906 		29.0754
v -5.347 		-9.901 		28.976
v -5.9074 		-9.9029 		28.9445
v -2.391 		-12.267 		31.389
v -2.4266 		-10.9317 		30.0052
v -2.4732 		-10.9393 		30.0485
v -2.5 		-10.506 		29.611
v -2.3556 		-10.9201 		29.9394
v -5.001 		-12.591 		31.76
v -3.4008 		-11.4588 		30.5647
v -5.286 		-10.3753 		29.4669
v -3.6084 		-11.5711 		30.684
v -3.5444 		-11.8139 		30.8698
v -3.3348 		-11.7005 		30.7494
v -2.4012 		-11.1777 		30.2299
v -3.517 		-11.5546 		30.6006
v -3.5449 		-11.5697 		30.6167
v -2.416 		-10.9379 		29.9878
v -2.3715 		-10.9307 		29.9466
v -5.7867 		-10.2124 		29.2346
v -5.2305 		-10.6126 		29.6472
v -5.265 		-10.3438 		29.3691
v -5.7574 		-10.2439 		29.2815
v -5.4965 		-10.1817 		29.2084
v -5.5047 		-10.1729 		29.1952
v -5.5306 		-10.1451 		29.1537
v -5.9178 		-9.8917 		28.9278
v -5.9911 		-9.8132 		28.8106
v -5.5923 		-10.0789 		29.055
v -5.5411 		-10.1339 		29.1371
v -2.0679 		-10.8732 		29.6723
v -2.1969 		-10.8942 		29.792
v -2.3469 		-10.9187 		29.9313
v -2.1699 		-10.8978 		29.7595
v -2.2696 		-10.9141 		29.852
v -2.3628 		-10.9293 		29.9385
v -0.458 		-11.739 		29.37
v -2.011 		-13.813 		32.632
v -0.9538 		-10.8818 		28.9424
v -1.0892 		-10.6477 		28.8256
v -6.0776 		-9.7203 		28.672
v -1.9293 		-10.8506 		29.5437
v -1.7518 		-11.0637 		29.6346
v -1.8541 		-11.0884 		29.7221
v -5.7291 		-9.9322 		28.8361
v -5.7039 		-9.9592 		28.8765
v -5.8761 		-9.8038 		28.672
v -1.6137 		-11.0412 		29.5064
v -6.3302 		-9.4492 		28.2676
v -8.192 		-7.8224 		26.1884
v -8.1789 		-8.0232 		26.3221
v -8.167 		-7.8021 		26.1139
v -8.0336 		-7.9187 		26.2629
v -8.192 		-7.8196 		26.1236
v -8.1673 		-7.8018 		26.1136
v -6.1022 		-9.6939 		28.6326
v -6.2871 		-9.6758 		28.4342
v -1.948 		-9.163 		28.085
v 36.657 		-6.205 		9.43
v 9.825 		24.268 		39.555
v 36.471 		-2.243 		11.757
v 36.197 		-3.92 		12.985
v -14.2094 		-25.4765 		16.5001
v 14.553 		24.634 		37.741
v 12.034 		25.219 		40.091
v 37.119 		-3.283 		9.691
v 36.427 		-5.062 		11.207
v 15.504 		24.728 		35.454
v -14.1563 		-25.0096 		16.8798
v -14.4486 		-25.2903 		16.5309
v -14.3371 		-24.5087 		17.1421
v 33.176 		-9.052 		16.066
v 14.7667 		23.6709 		38.9058
v -17.086 		-19.709 		17.193
v 15.097 		23.1487 		39.2629
v 14.2634 		23.7122 		39.4883
v 13.9517 		23.9228 		39.5725
v 15.1237 		23.1307 		39.2557
v 15.607 		22.804 		39.125
v 34.62 		-7.808 		14.673
v -18.028 		-22.101 		16.648
v 12.8767 		23.6692 		40.9466
v 12.7589 		23.8858 		40.827
v 33.443 		-9.819 		14.08
v 32.925 		-14.494 		12.442
v 35.613 		-9.681 		13.314
v -30.775 		-4.458 		15.154
v 14.6592 		23.8649 		38.7536
v -27.113 		-6.787 		15.757
v -29.608 		-5.77 		13.797
v 35.872 		-10.523 		9.353
v 15.5899 		22.1581 		39.7905
v 15.3328 		22.7027 		39.516
v 15.3471 		22.708 		39.4955
v 15.5908 		22.192 		39.7557
v 36.135 		-7.943 		11.372
v 34.557 		-14.083 		10.059
v -2.368 		14.787 		36.664
v -7.243 		13.7346 		36.0184
v -7.3436 		13.7575 		36.0777
v -7.3305 		13.7358 		36.0919
v -32.288 		-0.452 		15.538
v -7.3205 		13.7188 		36.1027
v -6.6146 		12.5514 		36.693
v -4.129 		11.031 		36.098
v -7.1978 		13.6495 		36.067
v 6.408 		24.929 		34.513
v -31.61 		-7.168 		8.442
v -31.978 		-5.773 		9.996
v 5.557 		23.696 		35.834
v 7.54 		22.813 		39.866
v 1.121 		-26.24 		26.318
v -30.333 		-6.353 		11.163
v 2.729 		20.069 		39.709
v 0.73 		-25.76 		28.276
v 0.339 		-25.281 		30.234
v 4.705 		22.464 		37.155
v 4.22 		-25.121 		27.682
v 7.844 		-24.31 		26.568
v 8.1358 		-23.8583 		25.4719
v -20.443 		-13.712 		13.191
v -21.643 		-12.228 		11.863
v -18.329 		-13.706 		15.47
v 8.1376 		-23.8555 		25.4653
v 8.0701 		-24.4611 		25.3835
v 4.021 		23.978 		34.214
v 8.0733 		-24.4458 		25.3787
v 8.0715 		-24.462 		25.3763
v 33.71 		-10.586 		12.093
v 42.363 		-1.941 		0.123
v 41.385 		-1.27 		2.196
v -22.839 		-9.971 		14.706
v -24.487 		-9.299 		13.657
v 41.919 		0.294 		0.664
v 2.426 		-24.639 		29.641
v -23.358 		-11.811 		10.092
v 41.536 		-5.021 		0.201
v -20.904 		-11.008 		14.627
v 37.876 		-6.658 		6.874
v 37.577 		-4.594 		8.183
v 39.284 		-4.353 		5.176
v -22.454 		-12.431 		9.795
v 40.111 		-2.597 		4.161
v 40.407 		-0.599 		4.268
v 38.496 		-2.982 		6.936
v -18.97 		-12.045 		14.548
v 34.11 		1.439 		15.597
v 40.217 		9.878 		4.159
v -29.455 		-7.61 		9.723
v 40.683 		13.051 		4.193
v 39.466 		12.357 		6.951
v 40.375 		17.164 		5.42
v 40.072 		-5.724 		3.415
v 40.936 		15.904 		3.969
v -24.906 		-8.242 		15.622
v -26.454 		-9.591 		9.938
v 39.455 		0.01 		0.028
v 40.823 		-3.809 		2.181
v -25.072 		-11.393 		8.322
v 41.335 		12.11 		0.047
v 42.302 		16.892 		0.118
v -26.134 		-8.628 		12.607
v 38.957 		-6.036 		0.025
v 39.607 		6.856 		4.844
v 38.87 		-7.837 		5.243
v 38.308 		-11.226 		4.64
v 39.384 		9.172 		6.764
v 39.092 		6.316 		7.077
v 36.585 		-12.723 		7.254
v -29.509 		-0.185 		0.025
v 40.849 		2.122 		4.336
v 41.475 		2.53 		1.205
v 37.438 		-9.672 		6.697
v -21.542 		-11.217 		0.025
v -23.637 		-14.603 		4.283
v -23.891 		19.423 		26.282
v 39.864 		-9.017 		3.611
v -20.936 		19.067 		27.816
v 39.301 		-11.414 		2.578
v 3.194 		22.531 		35.662
v -19.658 		17.609 		29.454
v -17.197 		19.55 		29.059
v 2.367 		21.083 		37.11
v -18.715 		20.075 		27.811
v -16.835 		21.121 		27.603
v -16.473 		22.692 		26.146
v -21.255 		20.667 		26.017
v 17.077 		5.291 		50.656
v 17.425 		8.26 		49.186
v -27.382 		18.136 		25.585
v -0.9194 		-11.7561 		28.0866
v 18.794 		11.747 		46.098
v 17.372 		11.232 		48.278
v -1 		-11.5137 		27.9184
v 18.447 		9.274 		47.294
v 20.369 		10.2129 		44.849
v 20.3202 		10.522 		44.8019
v 20.578 		10.315 		44.583
v 20.3394 		10.5066 		44.7856
v 20.3845 		10.2205 		44.8291
v 19.142 		14.219 		44.902
v 20.2448 		11.0001 		44.7293
v 20.1839 		11.3865 		44.6706
v 20.2132 		11.3069 		44.6641
v -13.362 		-7.49 		29.152
v 20.574 		12.579 		44.033
v 19.9242 		13.3232 		44.4273
v 19.9461 		13.2981 		44.414
v -10.311 		-11.391 		30.76
v -9.326 		-14.301 		31.026
v 19.7605 		14.4455 		44.2717
v 19.7778 		14.4518 		44.254
v 21.652 		15.138 		42.344
v 23.699 		12.28 		41.082
v -8.454 		-10.641 		29.848
v -11.23 		-10.31 		29.095
v -11.622 		-14.93 		29.312
v 19.242 		15.3932 		43.7143
v 19.5879 		14.7495 		44.0859
v 19.2448 		15.426 		43.6811
v 19.6004 		14.7643 		44.063
v 38.671 		-13.213 		3.251
v 40.682 		-7.689 		0.311
v 38.041 		-15.011 		3.924
v 39.401 		-11.251 		0.05
v 38.64 		-13.611 		0
v -4.083 		13.709 		33.282
v -3.622 		15.692 		33.771
v -10.6859 		16.9292 		35.5101
v -10.6458 		17.0972 		35.3239
v -15.594 		13.512 		37.859
v -11.372 		13.832 		39.301
v -11.011 		15.566 		37.02
v -11.613 		16.1675 		35.7991
v -11.6872 		16.2417 		35.6485
v -15.4761 		13.7294 		37.4139
v -16.3063 		13.9142 		36.2537
v -15.4285 		13.8171 		37.2343
v -14.954 		14.692 		35.443
v -12.9233 		15.1421 		36.2552
v -13.1592 		15.0898 		36.1609
v -13.148 		14.85 		36.631
v -13.3933 		14.8285 		36.4696
v -13.5746 		14.8127 		36.3504
v 33.066 		-21.337 		9.992
v 32.828 		-19.359 		11.052
v -31.243 		-8.563 		6.888
v -25.804 		-10.157 		0.025
v 37.114 		-19.037 		0.04
v 37.327 		-17.939 		4.129
v -27.964 		-12.509 		3.996
v 34.944 		-21.352 		6.917
v -28.609 		-9.924 		6.985
v 36.328 		-21.526 		4.878
v 35.874 		-18.23 		6.685
v 35.704 		-15.815 		7.724
v 35.954 		-22.38 		0.081
v 8.397 		-23.454 		24.491
v -1.9146 		-28.2957 		14.1066
v -2.0578 		-28.1717 		13.9493
v -2.0578 		-28.1717 		13.9493
v 12.804 		-19.155 		24.078
v 0 		-29.9543 		16.2101
v 13.509 		-20.806 		22.558
v 14.213 		-22.457 		21.039
v 38.861 		1.817 		7.072
v 39.528 		3.606 		2.616
v 9.51 		-17.538 		22.902
v 9.089 		-20.708 		22.576
v 39.492 		1.808 		1.322
v 17.495 		26.904 		25.797
v 30.464 		18.36 		26.189
v 9.656 		-19.681 		19.697
v 24.712 		20.37 		28.446
v 25.919 		18.848 		29.885
v 9.273 		-22.357 		20.149
v 25.564 		21.1 		26.278
v 11.272 		-22.386 		17.062
v 28.429 		17.496 		28.997
v 10.73 		-26.457 		17.805
v 16.336 		-25.512 		18.554
v 23.121 		22.71 		25.971
v 24.008 		19.975 		30.983
v 18.69 		2.189 		45.142
v 21.024 		22.963 		28.932
v 20.858 		24.456 		25.651
v 18.941 		3.604 		48.147
v 20.556 		3.555 		45.786
v 20.9095 		5.0716 		45.3278
v 20.9244 		5.1357 		45.3085
v 20.7209 		3.7319 		45.0836
v 20.775 		7.6476 		45.2405
v 20.7939 		7.6344 		45.2238
v 19.061 		6.538 		47.23
v 20.84 		7.0446 		45.2986
v 20.857 		7.0494 		45.2801
v 28.017 		-6.314 		26.027
v 28.313 		-3.837 		24.609
v 27.67 		-3.169 		29.283
v 26.39 		-3.1 		31.372
v 25.473 		-3.922 		29.415
v -8.214 		-7.8031 		26.1638
v -8.2143 		-7.8029 		26.1634
v -8.8764 		-8.2793 		26.4329
v -9.913 		-7.803 		25.686
v -8.7389 		-8.2131 		26.3464
v -9.511 		-8.5849 		26.8327
v -13.007 		-12.474 		26.64
v -13.057 		-8.931 		26.405
v -13.1433 		-13.1012 		26.5306
v -13.8172 		-15.3667 		25.1382
v -10.6162 		-9.1415 		27.5062
v -11.7829 		-9.8046 		28.1464
v -11.8337 		-9.8335 		28.1743
v -11.8495 		-9.8424 		28.1829
v -11.7641 		-10.034 		28.3145
v 8.585 		-24.805 		22.687
v -11.8878 		-9.9406 		28.1324
v -11.8749 		-9.9333 		28.1254
v -11.8241 		-9.9044 		28.0975
v -12.8499 		-12.7525 		26.943
v -13.2378 		-13.6924 		26.4823
v -13.0718 		-12.9281 		26.6155
v -12.9362 		-12.5995 		26.7765
v -11.7677 		-9.796 		28.1381
v -11.6509 		-9.7296 		28.074
v 28.579 		-0.509 		26.356
v -13.8199 		-15.384 		25.1249
v -12.4522 		-11.7984 		27.4064
v -12.757 		-12.1696 		26.9853
v 28.009 		-0.344 		29.371
v -11.8095 		-9.8961 		28.0895
v 26.683 		-0.881 		31.071
v -10.5949 		-9.3694 		27.673
v -9.4824 		-8.8092 		26.9951
v -8.8435 		-8.5014 		26.5927
v -10.4723 		-9.1361 		27.3558
v -9.5525 		-8.6729 		26.7952
v -13.8022 		-15.384 		25.1058
v -9.0242 		-8.4184 		26.4625
v 22.214 		-5.489 		28.557
v -23.787 		19.812 		23.63
v 18.6672 		1.3298 		42.7245
v 20.696 		2.321 		42.759
v 18.7012 		1.3464 		42.7251
v 19.7166 		2.2566 		43.9225
v 19.7329 		2.2576 		43.9031
v -9.8443 		17.0919 		34.7529
v 24.556 		-4.745 		27.458
v -9.9503 		17.2317 		34.6982
v 16.42 		-6.835 		30.48
v -9.162 		17.3515 		33.9584
v -23.409 		20.508 		17.937
v 21.39 		4.45 		42.233
v 22.178 		8.678 		43.361
v 21.407 		7.206 		44.683
v 21.303 		-4.579 		31.735
v -20.902 		21.683 		17.921
v 18.922 		-4.961 		32.052
v 20.7279 		3.7394 		45.0539
v 16.541 		-5.342 		32.369
v -21.302 		21.163 		20.832
v 20.5956 		3.2062 		44.9304
v 20.5972 		3.1914 		44.8941
v -18.371 		22.824 		17.952
v 23.725 		-3.946 		31.233
v -25.736 		19.254 		20.235
v 19.053 		-6.224 		29.524
v 25.045 		-14.632 		25.657
v 25.167 		15.971 		39.114
v 26.504 		-9.655 		26.394
v 24.492 		12.325 		38.055
v 25.708 		12.893 		34.16
v 25.651 		14.539 		35.854
v 28.039 		-8.11 		24.748
v -2.2285 		-28.1755 		14.1303
v 8.89 		-25.034 		20.6
v -2.215 		-28.032 		13.768
v 26.545 		16.739 		34.663
v 21.599 		17.142 		40.405
v -27.728 		18.512 		18.081
v -25.568 		19.51 		18.009
v 0.5173 		-29.3174 		16.8051
v 0.5236 		-29.3155 		16.8035
v -13.408 		-10.462 		23.753
v -16.128 		-13.939 		17.901
v 4.037 		-26.128 		23.488
v 4.1555 		-26.2812 		20.9545
v 4.1559 		-26.2817 		20.9461
v 4.194 		-26.331 		20.131
v -13.741 		-13.455 		23.61
v 1.939 		-26.874 		18.898
v -16.338 		-11.144 		17.452
v 2.6997 		-26.6908 		19.3139
v -5.171 		16.919 		30.792
v 2.7147 		-26.6872 		19.3222
v -4.627 		15.314 		32.037
v 0.1738 		-30.1049 		16.4011
v -14.077 		-11.547 		19.889
v -12.1592 		9.9744 		30.5914
v 0.179 		-30.1058 		16.398
v -12.1771 		9.974 		30.6104
v -14.2121 		9.9291 		32.768
v -12.181 		10.063 		30.398
v 0.1583 		-30.0914 		16.384
v 25.53 		-7.2 		26.926
v 1.446 		-26.7 		23.585
v 20.405 		-10.685 		29.577
v 22.633 		-12.638 		28.872
v 19.817 		-13.98 		28.572
v 18.443 		-13.206 		28.886
v -21.904 		14.046 		31.087
v 5.228 		-27.084 		18.26
v 2.2746 		-26.8954 		18.8329
v -18.62 		15.038 		31.924
v 2.2813 		-26.8959 		18.8316
v 4.651 		-28.351 		16.77
v 2.1719 		-27.0008 		18.7152
v 2.1765 		-27.0034 		18.7116
v 2.13 		-28.82 		16.385
v 24.178 		-10.406 		28.146
v 1.9704 		-27.194 		18.4848
v 1.971 		-27.2003 		18.4766
v 21.309 		-8.087 		29.067
v -16.564 		17.112 		31.1
v 22.291 		-10.546 		28.861
v 18.412 		-8.76 		30.028
v 24.367 		-7.576 		27.802
v -24.572 		9.273 		28.782
v 7.205 		-27.748 		16.72
v -22.476 		10.432 		31.485
v -23.316 		12.153 		29.816
v -14.547 		-15.261 		19.529
v 6.1298 		-25.4288 		23.1866
v 6.1367 		-25.4265 		23.1856
v 6.252 		-25.388 		23.169
v 26.844 		27.521 		19.07
v 6.4077 		-25.2826 		23.5015
v 6.3989 		-25.2885 		23.4827
v 6.2054 		-25.3819 		23.2725
v -25.932 		14.859 		27.227
v 6.208 		-25.3822 		23.2666
v -26.674 		10.015 		26.788
v -5.302 		-7.96 		23.272
v 5.375 		-25.7547 		22.3333
v -27.042 		11.506 		26.217
v -5.356 		-7.74 		23.133
v -21.566 		-4.481 		25.879
v -18.353 		-6.056 		26.135
v 25.088 		29.539 		18.363
v -27.695 		14.065 		25.601
v -20.855 		-1.356 		31.206
v -28.488 		11.333 		24.724
v -19.664 		-3.415 		28.947
v 32.475 		-13.913 		14.88
v 26.396 		-23.051 		13.599
v -23.425 		-1.825 		28.096
v 31.528 		-21.293 		14.72
v 29.116 		-22.217 		12.597
v 28.682 		-22.05 		15.17
v 26.623 		-22.57 		15.942
v 31.981 		-16.797 		15.401
v 32.059 		-19.337 		13.416
v 31.928 		-21.217 		12.202
v 29.262 		-23.281 		9.416
v -8.517 		-30.895 		15.107
v 29.478 		25.694 		17.962
v -10.404 		-29.056 		15.576
v -13.101 		-27.479 		15.11
v -11.4561 		-27.7756 		15.8918
v -11.3239 		-27.7995 		15.9547
v 16.552 		28.812 		22.905
v 19.523 		26.771 		23.123
v -12.4476 		-27.8611 		15.2229
v -11.9423 		-28.1181 		15.3389
v 23.493 		26.275 		20.771
v 16.384 		9.6543 		40.3722
v 24.767 		8.798 		33.77
v 22.453 		6.28 		39.761
v 18.086 		32.806 		18.527
v 18.269 		29.541 		20.352
v 24.329 		6.565 		34.224
v 24.37 		2.933 		34.137
v 21.965 		30.002 		19.036
v 20.322 		31.7 		18.52
v 22.528 		3.065 		36.645
v 21.338 		1.531 		39.522
v 23.192 		5.232 		36.037
v 24.568 		30.942 		16.72
v 22.466 		32.226 		17.6
v 15.497 		12.854 		50.564
v 14.251 		11.463 		53.144
v 27.975 		24.907 		20.019
v 30.169 		24.244 		19.22
v 10.081 		9.908 		59.792
v 10.296 		13.247 		56.238
v 32.349 		21.392 		20.894
v 30.861 		22.794 		20.477
v 10.443 		15.517 		53.762
v 10.522 		11.392 		58.326
v 13.082 		15.879 		50.247
v 28.806 		22.3 		21.943
v 30.958 		20.536 		22.413
v 7.091 		11.908 		56.102
v 22.185 		25.182 		23.223
v 9.693 		3.512 		52.703
v 10.049 		7.282 		56.944
v 12.397 		5.256 		53.217
v 13.492 		7.666 		55.386
v 24.477 		23.678 		23.501
v 11.662 		6.681 		55.266
v 14.917 		27.496 		28.993
v 12.545 		9.078 		57.129
v 14.018 		26.986 		32.106
v 14.886 		6.816 		53.559
v 32.184 		-1.381 		17.432
v 30.358 		-4.773 		18.707
v 31.007 		-5.198 		23.851
v 29.818 		-0.496 		19.916
v 29.038 		-3.917 		20.501
v -11.8459 		-28.1672 		15.3611
v -13.0272 		-27.5577 		15.0691
v 12.658 		29.2 		28.967
v -12.083 		-27.9963 		15.1844
v 31.164 		-22.309 		9.704
v 32.591 		-17.381 		12.112
v -25.914 		-1.143 		27.177
v -26.212 		0.191 		28.755
v 24.149 		-23.267 		15.505
v -25.616 		-2.477 		25.6
v -27.987 		-0.548 		26.323
v 12.377 		28.369 		31.554
v 25.024 		-25.101 		10.013
v 19.961 		-29.123 		8.82
v 18.102 		-28.673 		11.132
v -21.329 		-7.181 		20.404
v 22.412 		-27.283 		9.141
v -21.445 		-5.788 		23.711
v 21.861 		-24.04 		16.013
v 18.973 		-25.844 		15.2
v -24.33 		-6.694 		17.972
v -24.765 		-5.229 		20.649
v 23.646 		-24.668 		12.792
v 21.108 		-27.003 		10.763
v 19.804 		-26.723 		12.384
v -29.516 		-1.084 		24.234
v -29.826 		0.632 		22.967
v -30.81 		-1.724 		21.233
v -25.517 		-3.463 		23.613
v -12.1525 		-27.9361 		15.1081
v -32.161 		-2.303 		18.43
v -29.767 		-4.172 		17.634
v -14.2058 		-26.0844 		15.9272
v -14.668 		-25.501 		16.269
v -14.4698 		-25.7511 		16.1224
v -14.4714 		-25.4905 		16.3681
v -27.492 		-5.551 		17.366
v 31.952 		-16.416 		0.025
v -31.642 		0.263 		19.072
v -28.569 		-3.297 		19.509
v 32.443 		-22.536 		7.267
v 32.715 		-23.31 		5.171
v -17.689 		-15.366 		16.391
v -17.71 		-8.015 		23.557
v -14.1062 		14.4249 		36.8621
v -15.3546 		13.7179 		37.5496
v 32.411 		-23.995 		0.042
v -14.1084 		14.5104 		36.6443
v 26.71 		-26.999 		0.041
v -15.3465 		13.8094 		37.326
v -21.307 		-8.534 		17.506
v -17.598 		-9.818 		19.026
v 24.759 		-26.941 		7.621
v 27.387 		-25.619 		7.271
v -9.1684 		17.1946 		34.1186
v -9.154 		12.397 		39.099
v -6.084 		-23.435 		30.954
v -4.381 		-21.99 		32.185
v -1.394 		-21.78 		32.505
v -0.109 		-23.015 		31.593
v -15.6875 		12.9143 		37.1571
v -9.519 		-20.649 		30.202
v -8.881 		-16.697 		31.077
v -11.517 		-20.275 		28.685
v -10.384 		-18.094 		29.992
v -11.147 		-23.157 		25.717
v -14.317 		-20.727 		26.189
v -11.332 		-21.716 		27.201
v -13.398 		-19.204 		27.12
v -13.858 		-16.391 		25.957
v -13.8148 		-15.6327 		25.2895
v -13.8053 		-15.3946 		25.0993
v -12.479 		-17.681 		28.051
v -1.456 		-26.952 		26.344
v -4.643 		-27.979 		25.32
v -3.324 		-26.121 		31.308
v -2.736 		-24.104 		32.238
v -3.825 		-26.934 		28.681
v -8.202 		-25.231 		25.789
v -6.638 		-24.271 		28.357
v -15.259 		-21.123 		19.069
v -16.186 		-22.42 		17.472
v -14.9875 		-21.0089 		21.1213
v -14.9199 		-21.0018 		21.4572
v -14.9688 		-21.0229 		21.088
v -14.9814 		-21.011 		21.1127
v -14.9672 		-21.0162 		21.0925
v -16.384 		9.8813 		35.0707
v -16.384 		9.4462 		36.0566
v -16.0906 		9.192 		36.379
v -13.7415 		-22.1025 		19.1533
v -13.9727 		-21.9533 		19.1404
v -4.863 		2.643 		40.084
v -5.3349 		2.9996 		40.6727
v -4.6316 		2.8621 		40.2988
v -4.5938 		2.8353 		40.3258
v -4.6515 		2.8762 		40.2846
v 10.729 		28.1 		30.271
v -4.6516 		2.8762 		40.2846
v -4.658 		2.8808 		40.28
v 9.08 		27.832 		28.987
v -1.839 		2.822 		40.875
v -4.1689 		2.6841 		40.2656
v -3.1167 		2.7464 		40.5408
v -2.9169 		2.7582 		40.593
v -4.0652 		2.6531 		40.2364
v -3.8227 		2.5808 		40.1683
v -3.5198 		2.4903 		40.0831
v -3.3965 		2.4535 		40.0484
v -4.133 		1.548 		38.548
v -3.617 		2.5745 		39.9763
v -3.6856 		2.6339 		39.9009
v 10.963 		29.618 		26.535
v 12.825 		30.512 		25.527
v 13.975 		28.852 		27.43
v -1.132 		1.345 		39.585
v 5.666 		8.057 		52.84
v 4.341 		7.109 		50.501
v 31.731 		-14.495 		17.568
v 7.776 		8.321 		55.625
v 27.232 		-13.521 		23.426
v 7.988 		5.923 		53.326
v -11.917 		-29.94 		12.643
v 6.295 		4.182 		49.605
v 28.596 		-11.28 		21.581
v 30.272 		-10.5 		18.71
v -13.0752 		-27.5325 		15.0563
v -13.1529 		-27.4933 		15.0391
v -13.1348 		-27.5024 		15.0431
v 28.626 		-8.908 		20.162
v -3.7958 		2.7294 		39.7798
v 6.278 		6.241 		51.683
v 31.918 		-12.093 		17.257
v 2.323 		27.031 		26.241
v 7.303 		28.504 		26.7
v 4.812 		27.862 		26.482
v -14.0013 		-27.0293 		14.8215
v -13.998 		-27.0458 		14.8024
v -14.2145 		-26.9312 		14.7418
v -16.312 		-25.875 		14.081
v -14.2164 		-26.9218 		14.7526
v -13.9977 		-27.0458 		14.8021
v -4.9276 		3.0716 		40.0876
v -5.378 		6.061 		40.113
v -13.8047 		-27.0416 		14.5975
v -13.9641 		-27.0451 		14.7665
v -13.9775 		-27.0454 		14.7807
v -4.484 		8.861 		38.648
v -12.2692 		-27.8349 		14.9798
v -12.5474 		-27.594 		14.6743
v -4.3589 		8.8789 		39.1288
v -13.7211 		-27.0398 		14.5089
v -4.704 		8.8658 		38.9136
v -12.2648 		-27.8387 		14.9847
v -12.2262 		-27.8722 		15.0271
v -4.6303 		8.8642 		38.8246
v -4.9113 		9.1846 		38.6893
v -4.7681 		9.0761 		38.6754
v -4.6645 		8.2956 		38.9438
v -4.604 		8.4852 		38.8447
v -6.6112 		5.1684 		36.6867
v -4.4794 		8.6852 		38.9891
v -15.147 		-28.042 		12.316
v -4.4923 		8.6646 		38.9742
v 6.506 		26.691 		29.014
v -12.5977 		-27.5504 		14.6189
v -4.5528 		8.4751 		39.0734
v -13.6924 		-27.0391 		14.4785
v -12.6001 		-27.5483 		14.6163
v 6.319 		25.764 		31.616
v 1.163 		23.551 		31.869
v 29.131 		-12.654 		19.694
v -13.2004 		-27.0283 		13.9568
v -13.296 		-26.911 		13.768
v 28.061 		-9.906 		23.469
v 12.943 		31.491 		22.965
v -14.268 		-30.845 		9.803
v 2.715 		-5.501 		32.255
v 13.139 		32.93 		19.767
v 2.209 		-6.042 		28.94
v 11.108 		32.37 		19.463
v 14.202 		-6.205 		32.16
v 9.076 		31.81 		19.159
v 0.947 		13.715 		47.632
v 1.081 		11.214 		47.022
v -23.721 		3.037 		31.868
v 15.322 		33.425 		18.905
v 15.389 		30.882 		20.44
v -22.868 		8.361 		31.439
v -23.3081 		3.0959 		32.7284
v -23.2897 		3.072 		32.768
v 14.973 		14.813 		49.138
v 14.45 		16.771 		47.712
v -23.3709 		3.1775 		32.5934
v -23.2367 		3.0975 		32.6526
v -4.2995 		8.761 		39.3642
v -23.1181 		3.1001 		32.5269
v -23.2101 		3.0981 		32.6244
v -4.4847 		8.5558 		38.98
v -4.4448 		8.62 		39.0263
v -4.3626 		8.7519 		39.1215
v -18.913 		-18.295 		15.317
v -20.05 		-23.181 		14.55
v 14.907 		-10.665 		29.825
v -20.47 		-20.776 		13.813
v 13.047 		-7.514 		30.662
v -22.747 		-19.796 		11.121
v -22.413 		-21.843 		11.71
v 12.647 		-8.97 		28.663
v 14.529 		-7.985 		29.183
v 12.309 		-12.331 		28.607
v -6.5625 		5.1262 		36.7402
v -4.5453 		8.3662 		39.0792
v -22.763 		-17.035 		10.67
v 9.0874 		-13.5848 		26.7905
v 8.877 		-13.297 		26.906
v 9.3958 		-13.1782 		27.1459
v 29.608 		-24.858 		4.4
v 9.4089 		-13.1745 		27.1524
v 9.4352 		-13.1399 		27.1826
v 9.0925 		-13.5917 		26.7877
v 8.9525 		-13.6814 		26.637
v 8.9543 		-13.6906 		26.6306
v 9.1027 		-12.7719 		26.8276
v 26.418 		-26.826 		2.066
v 9.241 		-12.914 		26.9708
v 9.1052 		-12.756 		26.8225
v 9.1244 		-12.8625 		26.8497
v 9.1268 		-12.8465 		26.8446
v -20.867 		-27.423 		8.811
v -18.103 		-28.743 		9.5
v 9.2332 		-12.9703 		26.9607
v -17.114 		-23.718 		15.874
v -23.259 		6.29 		31.392
v -24.19 		1.011 		31.413
v -18.626 		-26.84 		11.383
v 0.8 		14.5876 		45.0468
v 25.349 		-27.352 		2.226
v -22.9991 		3.1028 		32.4007
v -23.0937 		3.1007 		32.501
v 15.988 		1.502 		46.917
v -15.899 		1.17 		39.736
v -19.3543 		1.4419 		32.768
v -21.3145 		3.1399 		30.6146
v -22.0178 		4.6281 		32.768
v -23.525 		-24.608 		10.62
v -21.3723 		3.1386 		30.6759
v -21.3 		3.223 		30.398
v -27.753 		8.349 		25.867
v 30.42 		-23.901 		6.878
v -26.691 		2.584 		27.54
v -25.361 		3.136 		29.164
v -26.54 		7.255 		27.12
v -28.416 		4.696 		25.386
v -26.5 		4.985 		27.199
v -18.897 		-18.199 		0.025
v -23.96 		-17.771 		4.335
v -28.021 		2.032 		25.915
v 24.145 		-27.978 		2.226
v -24.024 		-15.879 		2.186
v -25.327 		6.162 		28.374
v 22.575 		-28.035 		6.908
v 22.791 		-28.328 		4.411
v 20.385 		-29.568 		4.451
v 17.491 		-31.482 		2.295
v 17.721 		-30.497 		7.2
v 17.249 		-31.314 		4.549
v -17.019 		3.538 		42.496
v 18.711 		-30.33 		5.592
v -17.349 		5.858 		42.036
v 8.9803 		-12.6294 		26.694
v 8.9827 		-12.6136 		26.689
v 9.352 		-10.227 		25.931
v -17.562 		10.134 		41.667
v 8.7299 		-11.5845 		26.4393
v -17.455 		7.996 		41.852
v -19.465 		11.455 		39.299
v 8.957 		-28.677 		15.492
v -18 		12.94 		37.269
v 16.376 		-27.071 		15.12
v 16.243 		-28.223 		13.443
v -20.3463 		11.8889 		37.7591
v -20.446 		11.938 		37.585
v -20.4311 		11.9307 		37.6111
v -28.809 		12.346 		21.294
v -29.064 		12.464 		18.182
v -24.454 		-19.229 		2.195
v -28.32 		13.657 		23.7
v -24.948 		-20.688 		0.055
v 8.7014 		-11.4395 		26.4028
v -23.912 		-22.304 		7.092
v -23.412 		-18.814 		7.976
v -24.41 		-17.155 		0.089
v 12.317 		-27.819 		15.37
v 0.513 		-14.378 		31.43
v 3.612 		-14.461 		28.902
v -28.468 		15.707 		17.237
v 7.68 		-8.982 		31.584
v 5.156 		-7.509 		31.422
v -29.162 		9.719 		22.992
v 1.584 		-12.971 		29.128
v 4.459 		-7.809 		28.966
v -19.869 		12.1744 		37.5105
v -20.3595 		11.9734 		37.5738
v -21.109 		12.998 		34.478
v -29.952 		6.922 		21.284
v -29.181 		6.129 		23.492
v -16.4419 		13.8362 		36.3349
v -30.648 		3.6 		20.77
v -31.21 		2.453 		17.983
v 9.463 		33.67 		18.003
v 3.528 		-11.938 		27.542
v 7.3708 		-11.0645 		26.5437
v 7.0318 		-10.9354 		26.5715
v 7.243 		-10.875 		26.513
v 7.2333 		-10.8778 		26.5157
v 7.2489 		-10.8837 		26.5144
v -29.369 		3.519 		23.495
v 0.687 		7.783 		45.62
v 2.215 		8.958 		47.976
v -8.066 		33.523 		12.793
v 3.6951 		-9.4312 		26.2748
v -6.222 		31.731 		13.187
v -5.875 		32.328 		10.259
v 5.5892 		-10.285 		26.4432
v 3.7047 		-9.287 		26.2019
v 5.4628 		-10.0795 		26.3582
v -4.449 		32.776 		11.888
v 3.752 		-8.577 		25.843
v 2.847 		6.057 		47.733
v 7.521 		2.013 		48.701
v -20.968 		-28.309 		0.044
v -23.112 		-26.325 		0.066
v -22.809 		-25.891 		5.461
v -24.321 		-24.397 		5.754
v 2.858 		28.354 		23.591
v -25.257 		-24.34 		0.087
v -17.5837 		13.4747 		36.2579
v -16.8679 		13.8748 		35.8588
v -17.4745 		13.615 		35.9927
v -16.8508 		13.9636 		35.645
v -16.759 		14.534 		34.255
v -17.198 		-31.107 		6.962
v -18.92 		-29.424 		7.543
v -21.297 		-27.385 		5.167
v 0.055 		27.407 		23.979
v 1.517 		30.566 		17.06
v 4.478 		30.005 		20.454
v 7.669 		30.187 		22.383
v 5.354 		1.748 		45.702
v 5.0384 		1.7805 		45.056
v 5.1955 		1.6723 		45.1608
v 14.329 		-27.804 		13.199
v 5.371 		1.5466 		45.2894
v 6.823 		31.5 		18.456
v 28.509 		10.558 		28.818
v 13.005 		-25.034 		14.644
v 28.597 		13.348 		28.737
v 15.607 		-30.572 		9.753
v -18.5319 		12.9499 		36.7915
v -18.6715 		12.9525 		36.6662
v 26.164 		10.929 		31.863
v 4.51 		3.45 		46.841
v 13.892 		-31.29 		8.778
v -21.793 		11.715 		32.981
v 12.328 		-30.857 		10.337
v 27.126 		17.327 		31.324
v 26.692 		13.343 		31.237
v 2.9421 		-9.151 		26.3518
v 2.9618 		-9.0105 		26.2778
v 11.561 		-29.881 		12.275
v 15.196 		-29.056 		11.776
v 2.7619 		-8.9264 		26.2745
v 27.507 		7.783 		30.119
v 26.871 		3.973 		30.931
v 3.581 		-30.667 		15.172
v 5.71 		-31.524 		12.68
v 0.314 		-31.514 		15.313
v 30.471 		8.925 		26.037
v 29.373 		5.311 		27.615
v 28.68 		2.097 		28.445
v 31.771 		12.679 		24.09
v 32.498 		12.017 		20.48
v 0.5 		-10.1621 		27.5624
v 32.447 		15.378 		23.371
v 0.7462 		-10.3657 		27.5882
v 0.5775 		-10.414 		27.7253
v 11.976 		-31.439 		0.025
v 15.318 		-31.45 		6.824
v 32.571 		6.921 		17.411
v 29.815 		2.867 		23.665
v 0.8428 		-10.3278 		27.5192
v 31.101 		8.603 		23.173
v 31.835 		3.637 		17.916
v 16.733 		-32.173 		0.038
v 32.226 		8.122 		18.994
v 31.295 		6.478 		20.517
v -21.819 		9.29 		34.375
v -20.4295 		11.6691 		37.6432
v -20.5217 		11.4253 		37.5146
v -20.4573 		11.8612 		37.5745
v -20.4435 		11.8977 		37.5937
v -32.849 		-1.452 		13.711
v -1.504 		30.265 		16.079
v -34.026 		-1.956 		10.921
v -32.829 		-2.918 		15.443
v -3.023 		33.223 		13.517
v -4.408 		31.363 		14.144
v 5.7664 		1.2729 		45.5568
v 30.935 		4.016 		19.802
v -5.792 		29.504 		14.771
v 30.575 		1.553 		19.088
v -3.648 		29.884 		15.425
v 9.725 		-32.034 		9.864
v -20.292 		9.421 		38.13
v -33.356 		-3.598 		12.241
v 4.286 		-33.859 		9.974
v -10.838 		29.872 		14.331
v -8.394 		30.037 		15.552
v 2.621 		4.119 		45.035
v -15.185 		29.049 		12.425
v 4.266 		2.3123 		44.5409
v -13.206 		28.622 		13.993
v 3.8368 		2.6213 		44.2221
v 1.913 		2.495 		42.411
v 2.305 		3.4002 		43.8713
v 2.3071 		3.3991 		43.8718
v -16.841 		9.8712 		35.5553
v 3.509 		2.705 		43.733
v 30.132 		5.844 		23.22
v 3.613 		2.7824 		44.0559
v -16.9415 		9.9583 		35.4448
v -16.8499 		9.8498 		35.5448
v -16.9577 		9.8474 		35.6591
v 3.3668 		2.9314 		43.9415
v 0.599 		5.31 		44.774
v 7.7085 		6.6302 		30.5816
v 7.7082 		6.6305 		30.5812
v 7.7078 		6.6304 		30.5816
v 1.237 		3.9432 		43.6266
v -14.7 		25.738 		15.494
v -32.869 		0.014 		11.978
v 3.3683 		2.9306 		43.9422
v 3.064 		-32.423 		12.652
v -19.503 		5.644 		39.582
v -33.908 		-2.019 		0.025
v -21.118 		7.386 		36.96
v -20.561 		4.63 		37.766
v -0.801 		-35.764 		9.685
v -4.425 		-36.935 		9.93
v 4.396 		1.29 		42.43
v -4.717 		-35.725 		11.682
v -12.825 		26.739 		15.573
v -4.604 		-34.571 		13.586
v -1.752 		-34.224 		12.393
v -19.199 		2.542 		39.664
v 7.575 		6.761 		30.398
v 32.393 		25.977 		12.24
v 28.351 		30.664 		9.044
v 31.509 		27.579 		9.711
v 28.815 		29.163 		12.459
v -21.237 		1.488 		36.76
v -9.95 		33.329 		10.364
v -22.547 		4.468 		34.256
v 21.044 		34.551 		16.538
v -12.098 		32.601 		10.627
v -22.0669 		6.8439 		34.8956
v -22.1277 		6.6035 		34.7362
v -22.1942 		6.6873 		34.6076
v -22.1694 		6.7854 		34.6727
v -22.24 		6.745 		34.519
v 17.016 		35.9 		17.004
v 24.047 		32.346 		15.076
v -10.416 		32.75 		12.06
v 12.32 		34.859 		18.296
v -14.264 		31.982 		9.828
v 29.61 		27.224 		15.03
v 13.911 		37.233 		17.188
v 13.525 		35.081 		18.477
v -2.81 		-32.476 		15.182
v -22.3341 		6.0471 		34.4384
v -22.2784 		6.4602 		34.4861
v 10.241 		35.847 		16.832
v -6.36 		-35.973 		9.363
v -22.0359 		1.5166 		35.2861
v -21.9509 		1.4156 		35.4459
v -22.756 		1.334 		33.964
v -7.161 		-33.676 		12.166
v -21.9324 		1.4055 		35.4517
v 17.297 		38.499 		15.336
v -5.372 		-32.979 		15.217
v 18.058 		38.798 		12.941
v -13.415 		30.71 		11.992
v 23.142 		34.377 		12.29
v -9.842 		-31.84 		11.993
v -10.876 		-32.633 		10.011
v -21.4712 		8.3454 		35.6575
v -21.5094 		8.449 		35.5168
v 30.685 		29.277 		7.286
v -8.563 		-34.502 		9.454
v 26.833 		32.773 		6.741
v -22.6919 		2.2954 		34.0536
v -23.087 		3.8098 		33.1576
v -23.2283 		3.6375 		32.8701
v -22.6891 		4.8317 		33.6843
v -22.4543 		5.6355 		34.183
v -22.7263 		4.9269 		33.5347
v -2.263 		-39.037 		4.499
v 25.597 		34.996 		3.937
v -0.357 		-36.843 		7.35
v -4.744 		-38.716 		6.961
v -22.5856 		2.1692 		34.2532
v 18.605 		42.444 		0.056
v 17.12 		42.047 		5.356
v 2.071 		26.932 		0.025
v -7.652 		-37.091 		6.799
v -7.802 		34.058 		10.101
v 24.031 		35.176 		7.207
v 23.133 		38.706 		0.055
v -2.979 		33.848 		9.859
v -0.682 		-39.401 		2.276
v -0.573 		17.58 		42.795
v -0.4217 		17.3913 		43.7476
v -7.024 		35.079 		4.788
v -6.437 		-36.458 		0.025
v -0.616 		33.735 		0.033
v -5.009 		35.17 		0.177
v -2.6 		25.736 		0.025
v -0.798 		35.792 		4.469
v -5.212 		33.576 		4.552
v -5.855 		33.874 		6.879
v -10.455 		17.897 		34.438
v -2.829 		34.333 		7.541
v -5.38 		-42.739 		0.345
v -5.138 		-40.091 		4.734
v -1.574 		-40.929 		0.111
v -3.327 		32.865 		0.101
v -8.13 		-41.166 		0.136
v -6.888 		-41.15 		2.021
v -5.811 		32.779 		0.107
v -1.024 		18.077 		40.055
v 23.037 		36.997 		4.305
v -0.847 		36.39 		0.041
v -3.162 		17.674 		34.261
v 20.938 		38.901 		4.32
v -14.237 		32.385 		7.115
v -1.204 		18.905 		37.225
v -1.18 		21.487 		33.231
v -2.702 		19.755 		34.483
v -9.506 		-39.329 		2.019
v -9.393 		33.997 		6.793
v -10.616 		-39.096 		0.342
v -8.911 		35.088 		0.074
v -8.396 		-39.561 		3.697
v -8.273 		30.779 		0.037
v 20.955 		40.43 		0.07
v 19.229 		41.032 		2.683
v -11.786 		6.221 		49.377
v -9.056 		26.081 		26.019
v -0.27 		25.794 		26.445
v -1.684 		26.22 		25.009
v -17.969 		27.071 		12.471
v -17.272 		25.905 		13.942
v -18.338 		28.965 		10.214
v -9.705 		-37.25 		4.798
v 9.329 		39.351 		14.142
v -10.07 		-35.421 		7.466
v -13.366 		-33.328 		7.147
v -16.432 		31.192 		9.172
v 11.65 		41.15 		9.849
v -12.511 		-35.958 		4.191
v -14.64 		-33.913 		4.907
v -23.417 		24.521 		11.407
v -14.156 		-34.953 		0.039
v -22.089 		23.333 		13.244
v -5.82 		20.088 		28.684
v -20.871 		25.458 		12.127
v -4.111 		20.758 		31.6
v -4.819 		21.85 		29.428
v -16.696 		-32.473 		0.038
v -1.225 		22.609 		31.474
v -1.03 		23.551 		29.013
v -37.967 		4.002 		4.581
v -16.576 		24.738 		15.414
v -40.039 		6.573 		0.11
v -19.571 		23.71 		14.654
v -40.919 		2.86 		0.107
v -6.492 		22.01 		27.668
v -3.666 		23.231 		28.103
v -6.222 		23.478 		26.214
v -28.59 		19.191 		15.511
v -29.566 		19.919 		12.946
v -36.268 		1.336 		7.272
v -4.66 		25.062 		24.893
v -24.908 		20.987 		15.275
v -24.616 		22.415 		12.509
v -13.602 		18.155 		31.765
v -30.078 		17.81 		12.479
v -15.113 		19.08 		30.344
v -9.854 		20.298 		31.721
v -30.581 		20.888 		10.129
v -29.809 		-14.251 		0.128
v -27.226 		21.337 		12.152
v -31.296 		-9.946 		0.051
v -29.67 		22.665 		8.898
v -12.691 		20.147 		30.545
v -25.542 		24.109 		10.314
v -12.229 		21.824 		29.02
v -35.909 		-1.34 		8.287
v -31.294 		18.161 		10.027
v -31.464 		20.299 		8.881
v -35.198 		-4.235 		9.79
v -8.355 		18.539 		32.148
v -37.732 		0.522 		0.025
v -41.981 		-0.916 		0.149
v -42.434 		-3.453 		0.147
v -19.518 		30.645 		7.392
v -11.731 		23.433 		27.594
v -21.831 		29.916 		6.547
v -13.972 		23.78 		26.204
v -38.752 		0.36 		4.347
v -39.358 		-5.663 		4.846
v -24.215 		28.083 		6.806
v -11.233 		25.041 		26.167
v -22.105 		30.235 		4.454
v -42.75 		-6.584 		0.377
v -37.128 		-4.901 		0.025
v -24.844 		29.293 		4.866
v -26.654 		28.669 		4.333
v -7.344 		27.144 		19.183
v -27.561 		27.285 		5.381
v -3.75 		27.656 		20.399
v -36.555 		-7.419 		4.543
v -36.171 		-10.777 		0.131
v -33.133 		-12.439 		0.128
v -39.093 		-9.176 		0.135
v -27.478 		29.136 		0.038
v -28.952 		28.134 		3.563
v -30.949 		28.435 		0.292
v -3.098 		26.646 		23.572
v -5.743 		26.296 		23.281
v -25.589 		29.375 		2.189
v -28.533 		26.117 		0.028
v -31.704 		25.963 		3.88
v -8.678 		27.434 		17.605
v -31.135 		26.232 		0.158
v -24.85 		22.427 		0.025
v -30.376 		21.581 		0.025
v -31.634 		22.437 		7.734
v -30.143 		14.352 		13.562
v -29.696 		13.003 		15.112
v -32.047 		15.189 		9.705
v -31.395 		10.511 		11.968
v -30.589 		15.701 		12.011
v -31.627 		3.377 		14.675
v -30.98 		6.143 		14.966
v -30.341 		8.894 		15.232
v -31.556 		8.493 		12.314
v -31.964 		5.515 		12.281
v -32.36 		2.749 		12.281
v -31.302 		6.821 		0.025
v -35.426 		26.133 		0.226
v -33.565 		26.048 		2.053
v -32.935 		27.68 		0.189
v -32.942 		23.529 		5.384
v -34.934 		19.056 		3.825
v -35.01 		24.584 		1.491
v -34.184 		24.831 		2.805
v -36.248 		22.542 		0.126
v -33.374 		25.081 		0.126
v -33.491 		5.363 		9.93
v -32.8 		8.423 		10.159
v -33.909 		13.839 		7.548
v -33.791 		16.347 		6.744
v -36.067 		12.638 		4.446
v -34.712 		11.135 		7.191
v -37.005 		9.728 		4.032
v -37.802 		16.107 		0.105
v -35.03 		16.86 		0.025
v -35.632 		13.077 		0.025
v -35.282 		9.03 		6.912
# 1730 vertices

g group_0_10988977

usemtl color_10988977
s 0

f 5 	37 	6
f 11 	5 	597
f 53 	597 	5
f 20 	920 	21
f 22 	27 	23
f 30 	317 	28
f 29 	30 	28
f 24 	28 	317
f 26 	24 	317
f 32 	133 	31
f 45 	37 	27
f 6 	37 	909
f 3 	31 	41
f 42 	162 	40
f 23 	27 	37
f 44 	1286 	33
f 31 	8 	32
f 22 	1506 	27
f 8 	126 	32
f 5 	23 	37
f 11 	23 	5
f 31 	3 	8
f 11 	608 	23
f 624 	22 	23
f 51 	48 	49
f 624 	1506 	22
f 53 	5 	814
f 48 	54 	52
f 56 	60 	1578
f 60 	56 	58
f 343 	67 	66
f 71 	70 	72
f 78 	589 	74
f 81 	589 	80
f 78 	80 	589
f 69 	103 	101
f 92 	90 	1571
f 94 	69 	1605
f 97 	95 	30
f 95 	92 	1571
f 103 	89 	101
f 30 	29 	102
f 30 	102 	97
f 94 	1592 	103
f 69 	51 	93
f 103 	69 	94
f 93 	68 	69
f 339 	162 	42
f 1605 	1592 	94
f 40 	1286 	44
f 87 	1506 	86
f 58 	89 	79
f 1619 	101 	89
f 114 	1286 	109
f 110 	109 	1286
f 114 	115 	1286
f 113 	112 	1286
f 112 	111 	1286
f 60 	58 	79
f 110 	1286 	111
f 33 	1286 	115
f 58 	1619 	89
f 31 	38 	41
f 120 	38 	1444
f 41 	38 	120
f 163 	75 	77
f 121 	123 	122
f 12 	907 	1422
f 13 	907 	12
f 886 	125 	71
f 163 	125 	75
f 67 	70 	125
f 1559 	122 	123
f 21 	17 	130
f 131 	130 	17
f 135 	976 	136
f 134 	976 	135
f 138 	133 	32
f 32 	124 	138
f 138 	124 	121
f 121 	122 	140
f 121 	140 	138
f 131 	17 	16
f 140 	143 	138
f 142 	131 	16
f 16 	1130 	142
f 1570 	140 	122
f 124 	32 	126
f 143 	133 	138
f 149 	976 	150
f 152 	154 	148
f 147 	152 	148
f 150 	976 	134
f 155 	1141 	149
f 156 	158 	157
f 125 	70 	71
f 873 	874 	125
f 157 	158 	194
f 166 	66 	67
f 157 	194 	164
f 67 	125 	166
f 61 	166 	125
f 61 	1506 	166
f 162 	170 	169
f 162 	169 	161
f 162 	1154 	170
f 180 	179 	178
f 186 	185 	1142
f 178 	187 	180
f 188 	186 	1142
f 177 	176 	191
f 976 	1223 	160
f 203 	200 	199
f 203 	199 	198
f 203 	198 	190
f 203 	190 	192
f 204 	212 	190
f 198 	204 	190
f 187 	206 	180
f 206 	214 	180
f 154 	208 	148
f 211 	1151 	208
f 214 	200 	203
f 203 	180 	214
f 164 	194 	412
f 220 	219 	995
f 226 	995 	224
f 219 	224 	995
f 217 	215 	226
f 995 	226 	215
f 86 	1506 	83
f 225 	1506 	223
f 264 	226 	228
f 88 	1506 	87
f 223 	1506 	88
f 231 	229 	230
f 236 	235 	190
f 235 	243 	190
f 76 	245 	96
f 190 	212 	236
f 220 	995 	238
f 233 	238 	995
f 244 	233 	240
f 243 	242 	190
f 76 	74 	245
f 232 	234 	245
f 74 	589 	245
f 237 	96 	245
f 248 	119 	128
f 247 	250 	251
f 249 	247 	251
f 252 	91 	253
f 190 	254 	251
f 249 	251 	254
f 1500 	255 	1401
f 251 	1458 	255
f 251 	255 	192
f 257 	238 	233
f 251 	192 	190
f 242 	254 	190
f 1571 	256 	234
f 233 	244 	257
f 256 	1571 	259
f 260 	259 	1571
f 419 	417 	255
f 224 	228 	226
f 261 	226 	262
f 262 	226 	264
f 1403 	1401 	255
f 256 	259 	267
f 267 	274 	256
f 453 	454 	234
f 240 	1529 	241
f 341 	268 	1529
f 273 	226 	261
f 275 	256 	274
f 217 	907 	330
f 276 	70 	67
f 177 	507 	176
f 276 	67 	346
f 346 	345 	276
f 277 	1506 	274
f 276 	72 	70
f 266 	280 	269
f 280 	266 	276
f 276 	266 	407
f 280 	276 	342
f 180 	203 	280
f 192 	269 	280
f 255 	269 	192
f 192 	280 	203
f 285 	1422 	907
f 288 	292 	291
f 299 	158 	156
f 294 	298 	301
f 297 	301 	298
f 301 	303 	294
f 299 	288 	289
f 299 	289 	229
f 227 	305 	299
f 227 	299 	156
f 231 	299 	229
f 1142 	305 	227
f 305 	288 	299
f 1142 	185 	294
f 298 	294 	185
f 288 	305 	292
f 311 	292 	305
f 311 	305 	309
f 288 	310 	289
f 313 	310 	291
f 288 	291 	310
f 309 	1139 	311
f 303 	309 	294
f 303 	1139 	309
f 301 	306 	303
f 1139 	303 	306
f 26 	317 	34
f 318 	34 	317
f 396 	315 	316
f 248 	128 	319
f 1207 	1197 	314
f 320 	317 	321
f 1197 	321 	317
f 317 	324 	318
f 317 	325 	324
f 317 	320 	327
f 317 	327 	326
f 278 	503 	215
f 330 	176 	278
f 330 	907 	191
f 317 	326 	331
f 317 	331 	332
f 317 	332 	325
f 336 	162 	338
f 335 	162 	336
f 337 	162 	335
f 328 	162 	337
f 330 	278 	217
f 215 	217 	278
f 201 	1427 	202
f 287 	175 	342
f 273 	344 	226
f 287 	276 	345
f 342 	276 	287
f 176 	330 	191
f 67 	343 	346
f 226 	907 	217
f 346 	347 	345
f 166 	1506 	66
f 1506 	1486 	346
f 346 	348 	347
f 1506 	346 	343
f 175 	179 	342
f 180 	342 	179
f 280 	342 	180
f 291 	1139 	313
f 310 	230 	229
f 352 	230 	310
f 289 	310 	229
f 351 	352 	310
f 354 	360 	355
f 352 	355 	230
f 354 	355 	356
f 351 	1139 	352
f 313 	351 	310
f 356 	355 	357
f 313 	1139 	351
f 362 	360 	353
f 353 	360 	354
f 230 	355 	360
f 362 	363 	360
f 367 	366 	368
f 369 	1538 	368
f 366 	369 	368
f 360 	363 	364
f 364 	370 	360
f 368 	360 	370
f 368 	370 	367
f 371 	357 	355
f 248 	319 	1026
f 1026 	319 	1027
f 1027 	319 	996
f 377 	379 	378
f 380 	381 	377
f 319 	128 	380
f 382 	377 	381
f 380 	377 	378
f 378 	379 	383
f 390 	377 	382
f 380 	378 	319
f 1548 	385 	384
f 390 	389 	384
f 383 	379 	385
f 384 	385 	379
f 379 	390 	384
f 390 	379 	377
f 390 	391 	389
f 386 	681 	392
f 386 	390 	382
f 390 	386 	392
f 390 	392 	387
f 393 	394 	389
f 390 	393 	391
f 393 	389 	391
f 393 	390 	387
f 394 	388 	389
f 388 	384 	389
f 690 	388 	394
f 690 	394 	393
f 396 	316 	400
f 128 	1432 	398
f 398 	1432 	315
f 397 	128 	398
f 380 	128 	397
f 395 	397 	398
f 399 	386 	382
f 382 	381 	399
f 683 	399 	679
f 395 	399 	381
f 381 	380 	397
f 397 	395 	381
f 398 	315 	396
f 316 	1439 	400
f 1439 	401 	400
f 343 	66 	1506
f 405 	404 	403
f 403 	408 	405
f 266 	410 	407
f 405 	408 	409
f 406 	276 	407
f 406 	71 	72
f 406 	72 	276
f 255 	415 	269
f 405 	428 	404
f 255 	1165 	164
f 269 	415 	266
f 417 	415 	255
f 414 	418 	416
f 415 	410 	266
f 164 	419 	255
f 164 	412 	419
f 436 	416 	418
f 412 	413 	419
f 421 	418 	414
f 1170 	420 	421
f 418 	421 	420
f 422 	423 	425
f 424 	423 	416
f 423 	424 	425
f 416 	423 	422
f 422 	425 	426
f 425 	990 	989
f 1170 	421 	427
f 427 	421 	414
f 414 	426 	427
f 414 	422 	426
f 416 	422 	414
f 428 	405 	411
f 429 	898 	404
f 420 	429 	418
f 404 	428 	429
f 432 	431 	433
f 793 	431 	432
f 433 	430 	435
f 430 	434 	435
f 436 	418 	434
f 434 	428 	435
f 429 	428 	434
f 429 	434 	418
f 428 	411 	435
f 416 	436 	424
f 433 	435 	411
f 432 	433 	411
f 437 	424 	436
f 437 	436 	434
f 437 	1058 	424
f 438 	439 	430
f 430 	439 	437
f 434 	430 	437
f 440 	439 	438
f 437 	439 	1068
f 430 	441 	438
f 433 	441 	430
f 431 	441 	433
f 446 	447 	443
f 446 	443 	442
f 449 	446 	442
f 405 	409 	451
f 451 	432 	411
f 411 	405 	451
f 450 	451 	409
f 1270 	1272 	450
f 245 	234 	454
f 456 	239 	245
f 237 	245 	239
f 457 	456 	245
f 454 	457 	245
f 447 	461 	443
f 464 	1506 	225
f 457 	1506 	462
f 462 	1506 	463
f 454 	1506 	457
f 463 	1506 	464
f 453 	234 	275
f 256 	275 	234
f 453 	1506 	454
f 461 	798 	443
f 468 	798 	461
f 447 	907 	461
f 447 	446 	907
f 449 	907 	446
f 480 	1506 	277
f 274 	1506 	275
f 1286 	1506 	477
f 476 	1286 	477
f 275 	1506 	453
f 481 	483 	1506
f 483 	477 	1506
f 490 	410 	415
f 415 	417 	490
f 491 	395 	398
f 398 	396 	491
f 91 	252 	1679
f 413 	417 	419
f 491 	400 	401
f 413 	490 	417
f 1347 	410 	490
f 253 	91 	492
f 495 	489 	488
f 488 	489 	487
f 498 	509 	1227
f 497 	609 	496
f 412 	498 	1227
f 498 	412 	194
f 338 	162 	339
f 1000 	215 	503
f 509 	508 	518
f 508 	509 	498
f 498 	376 	508
f 376 	516 	375
f 498 	194 	158
f 512 	511 	1669
f 158 	376 	498
f 512 	1669 	515
f 1673 	515 	1669
f 514 	512 	253
f 516 	376 	158
f 514 	253 	492
f 299 	516 	158
f 515 	253 	512
f 517 	518 	508
f 517 	508 	376
f 401 	1439 	1443
f 375 	517 	376
f 396 	400 	491
f 518 	523 	509
f 517 	375 	522
f 522 	520 	518
f 517 	522 	518
f 531 	520 	522
f 520 	523 	518
f 1229 	509 	523
f 524 	375 	516
f 516 	525 	524
f 230 	525 	231
f 516 	299 	231
f 231 	525 	516
f 527 	526 	525
f 834 	522 	524
f 525 	230 	527
f 360 	527 	230
f 522 	375 	524
f 530 	529 	531
f 532 	530 	531
f 534 	536 	535
f 536 	534 	537
f 539 	535 	531
f 536 	531 	535
f 531 	529 	540
f 540 	541 	539
f 540 	539 	531
f 554 	723 	553
f 556 	532 	531
f 559 	723 	555
f 537 	562 	536
f 562 	561 	536
f 561 	560 	536
f 536 	560 	571
f 565 	723 	564
f 564 	723 	563
f 565 	548 	723
f 545 	723 	547
f 548 	547 	723
f 551 	553 	723
f 555 	723 	554
f 557 	556 	531
f 570 	557 	531
f 560 	563 	723
f 545 	546 	723
f 582 	976 	576
f 558 	723 	559
f 574 	723 	575
f 558 	575 	723
f 546 	551 	723
f 569 	587 	571
f 569 	571 	723
f 571 	560 	723
f 520 	531 	536
f 522 	579 	578
f 522 	578 	531
f 531 	578 	585
f 531 	585 	570
f 587 	520 	536
f 13 	12 	520
f 523 	520 	12
f 13 	520 	1433
f 587 	1433 	520
f 536 	571 	587
f 507 	503 	278
f 589 	499 	639
f 519 	500 	402
f 499 	487 	489
f 191 	1223 	507
f 500 	590 	402
f 278 	176 	507
f 507 	177 	191
f 500 	591 	590
f 591 	496 	596
f 596 	595 	590
f 596 	588 	595
f 487 	594 	593
f 1041 	1043 	597
f 599 	600 	1083
f 590 	591 	596
f 487 	593 	597
f 597 	593 	11
f 608 	11 	593
f 596 	625 	588
f 497 	496 	591
f 589 	81 	594
f 497 	591 	500
f 507 	1223 	503
f 601 	609 	497
f 594 	499 	589
f 18 	1092 	603
f 617 	593 	606
f 610 	603 	1251
f 612 	606 	594
f 601 	613 	609
f 612 	594 	83
f 81 	83 	594
f 609 	613 	615
f 615 	496 	609
f 594 	606 	593
f 607 	608 	617
f 593 	617 	608
f 625 	496 	615
f 615 	613 	658
f 625 	596 	496
f 984 	614 	658
f 608 	623 	624
f 615 	620 	625
f 616 	619 	618
f 588 	625 	620
f 317 	30 	627
f 608 	607 	623
f 628 	756 	513
f 617 	1506 	607
f 607 	1506 	623
f 608 	624 	23
f 594 	487 	499
f 634 	635 	633
f 634 	756 	635
f 624 	623 	1506
f 636 	639 	499
f 589 	639 	640
f 245 	640 	232
f 466 	468 	907
f 468 	461 	907
f 232 	640 	639
f 232 	639 	646
f 616 	638 	619
f 638 	637 	642
f 640 	245 	589
f 638 	642 	619
f 643 	234 	232
f 232 	712 	643
f 489 	636 	499
f 489 	1219 	636
f 620 	615 	658
f 620 	658 	626
f 614 	626 	658
f 675 	651 	650
f 650 	1263 	652
f 659 	663 	660
f 687 	659 	660
f 651 	661 	662
f 662 	691 	665
f 687 	666 	659
f 684 	691 	662
f 669 	588 	668
f 667 	1100 	661
f 650 	652 	675
f 588 	620 	668
f 669 	595 	588
f 402 	590 	595
f 669 	668 	670
f 521 	519 	402
f 491 	401 	521
f 673 	674 	672
f 401 	519 	521
f 665 	651 	662
f 676 	519 	401
f 675 	667 	651
f 519 	676 	500
f 402 	595 	674
f 669 	674 	595
f 651 	667 	661
f 674 	669 	670
f 671 	651 	665
f 401 	1443 	676
f 672 	674 	670
f 674 	673 	795
f 687 	660 	672
f 682 	687 	672
f 672 	670 	682
f 668 	694 	682
f 680 	696 	677
f 665 	691 	685
f 386 	399 	681
f 399 	683 	681
f 682 	670 	668
f 399 	395 	680
f 395 	491 	680
f 680 	679 	399
f 491 	696 	680
f 672 	660 	673
f 679 	680 	677
f 693 	677 	696
f 687 	682 	666
f 387 	681 	683
f 662 	661 	684
f 752 	666 	682
f 387 	690 	393
f 689 	677 	693
f 683 	689 	690
f 677 	689 	679
f 684 	618 	691
f 619 	678 	691
f 691 	618 	619
f 690 	387 	683
f 679 	689 	683
f 387 	392 	681
f 685 	691 	678
f 692 	686 	659
f 689 	388 	690
f 642 	637 	678
f 666 	692 	659
f 619 	642 	678
f 663 	659 	686
f 668 	702 	694
f 1070 	684 	1100
f 661 	1100 	684
f 689 	693 	796
f 665 	685 	688
f 671 	665 	688
f 696 	697 	693
f 785 	753 	698
f 696 	491 	521
f 620 	626 	698
f 696 	521 	697
f 702 	668 	620
f 620 	698 	702
f 702 	698 	695
f 660 	663 	701
f 694 	702 	695
f 704 	671 	688
f 636 	655 	639
f 704 	688 	780
f 709 	646 	639
f 709 	712 	646
f 1596 	1590 	643
f 639 	655 	709
f 713 	711 	714
f 703 	1342 	777
f 643 	712 	1596
f 646 	712 	232
f 715 	713 	714
f 715 	716 	713
f 713 	716 	707
f 612 	83 	1506
f 707 	716 	705
f 1433 	587 	569
f 160 	907 	723
f 569 	723 	1433
f 727 	728 	729
f 574 	576 	723
f 584 	976 	581
f 723 	576 	976
f 733 	728 	727
f 835 	976 	583
f 835 	869 	976
f 734 	524 	525
f 737 	733 	735
f 727 	735 	733
f 526 	734 	525
f 734 	834 	524
f 741 	737 	742
f 735 	742 	737
f 750 	1506 	741
f 901 	743 	1007
f 750 	909 	749
f 45 	749 	37
f 695 	751 	708
f 716 	871 	705
f 706 	708 	752
f 755 	708 	751
f 752 	682 	706
f 751 	695 	698
f 752 	692 	666
f 314 	633 	933
f 933 	633 	635
f 933 	635 	628
f 933 	628 	513
f 513 	510 	933
f 502 	634 	317
f 634 	1197 	317
f 502 	627 	757
f 634 	502 	756
f 628 	635 	756
f 757 	756 	502
f 502 	317 	627
f 30 	1590 	627
f 752 	708 	754
f 708 	755 	754
f 751 	753 	755
f 778 	755 	753
f 766 	767 	768
f 768 	1390 	766
f 706 	694 	695
f 708 	706 	695
f 706 	682 	694
f 785 	784 	753
f 752 	754 	692
f 1087 	754 	755
f 751 	698 	753
f 753 	784 	779
f 773 	770 	768
f 774 	781 	775
f 776 	678 	637
f 781 	626 	614
f 782 	688 	685
f 778 	753 	779
f 678 	776 	782
f 678 	782 	685
f 783 	784 	781
f 780 	688 	782
f 1309 	704 	780
f 779 	784 	783
f 1653 	699 	777
f 785 	781 	784
f 1710 	1577 	699
f 699 	1653 	1495
f 698 	626 	785
f 778 	779 	783
f 785 	626 	781
f 778 	783 	786
f 927 	340 	1427
f 787 	466 	653
f 653 	656 	787
f 268 	241 	1529
f 201 	205 	1529
f 233 	1529 	240
f 791 	802 	793
f 793 	802 	794
f 791 	793 	432
f 701 	700 	673
f 701 	673 	660
f 793 	794 	431
f 796 	700 	701
f 441 	431 	794
f 673 	700 	795
f 432 	451 	791
f 402 	674 	795
f 791 	451 	450
f 442 	797 	450
f 796 	799 	689
f 442 	443 	797
f 795 	700 	796
f 799 	701 	663
f 797 	443 	798
f 799 	686 	689
f 787 	798 	466
f 468 	466 	798
f 686 	799 	663
f 796 	701 	799
f 693 	795 	796
f 795 	693 	697
f 797 	791 	450
f 795 	697 	521
f 795 	521 	402
f 27 	1506 	45
f 741 	742 	750
f 797 	798 	802
f 802 	791 	797
f 798 	805 	802
f 798 	787 	805
f 805 	906 	809
f 1 	1416 	804
f 812 	908 	1
f 13 	1433 	907
f 806 	803 	808
f 440 	438 	810
f 804 	808 	803
f 438 	441 	810
f 45 	1506 	749
f 728 	1506 	729
f 737 	741 	1506
f 812 	1 	804
f 749 	1506 	750
f 6 	812 	5
f 815 	814 	811
f 814 	815 	1041
f 814 	803 	811
f 811 	803 	806
f 5 	812 	814
f 1041 	53 	814
f 803 	812 	804
f 803 	814 	812
f 783 	1091 	786
f 829 	830 	828
f 579 	522 	831
f 832 	831 	522
f 834 	833 	832
f 832 	522 	834
f 836 	833 	834
f 837 	859 	838
f 837 	920 	839
f 834 	841 	836
f 810 	441 	794
f 842 	838 	843
f 844 	843 	838
f 794 	802 	810
f 807 	810 	802
f 859 	847 	838
f 844 	838 	847
f 846 	787 	656
f 846 	656 	657
f 848 	859 	849
f 859 	848 	847
f 846 	906 	805
f 787 	846 	805
f 853 	837 	852
f 839 	852 	837
f 830 	827 	828
f 842 	854 	838
f 854 	855 	838
f 855 	841 	838
f 834 	838 	841
f 840 	920 	857
f 828 	827 	856
f 861 	849 	859
f 853 	859 	837
f 862 	828 	860
f 862 	860 	77
f 75 	862 	77
f 862 	829 	828
f 710 	711 	713
f 710 	713 	707
f 828 	856 	860
f 75 	829 	862
f 895 	830 	829
f 584 	583 	976
f 976 	869 	859
f 853 	976 	859
f 866 	859 	867
f 861 	859 	866
f 852 	976 	853
f 867 	859 	869
f 719 	705 	871
f 61 	125 	874
f 830 	895 	870
f 873 	876 	874
f 893 	876 	873
f 830 	870 	878
f 826 	878 	935
f 826 	827 	878
f 830 	878 	827
f 889 	1506 	893
f 876 	893 	1506
f 883 	884 	885
f 884 	743 	742
f 743 	884 	1008
f 888 	886 	71
f 819 	889 	883
f 885 	819 	883
f 890 	880 	888
f 71 	890 	888
f 825 	819 	885
f 406 	890 	71
f 887 	882 	891
f 893 	873 	883
f 889 	893 	883
f 1231 	880 	890
f 819 	1506 	889
f 887 	891 	894
f 880 	1231 	1255
f 735 	727 	884
f 511 	512 	894
f 884 	742 	735
f 895 	125 	886
f 885 	727 	822
f 729 	822 	727
f 882 	871 	716
f 880 	956 	897
f 884 	727 	885
f 895 	886 	870
f 882 	911 	896
f 870 	886 	897
f 888 	880 	897
f 822 	825 	885
f 897 	886 	888
f 75 	125 	895
f 882 	896 	871
f 75 	895 	829
f 1506 	61 	874
f 874 	876 	1506
f 819 	825 	1506
f 729 	1506 	822
f 716 	891 	882
f 898 	429 	420
f 1007 	743 	1008
f 899 	742 	743
f 420 	1170 	898
f 901 	899 	743
f 898 	1170 	900
f 902 	903 	901
f 901 	903 	899
f 802 	805 	809
f 792 	930 	788
f 789 	788 	907
f 789 	907 	790
f 790 	907 	905
f 226 	344 	907
f 905 	907 	344
f 809 	906 	942
f 902 	1417 	903
f 1417 	908 	903
f 809 	942 	959
f 160 	191 	907
f 899 	903 	908
f 809 	1327 	1343
f 807 	802 	809
f 871 	896 	910
f 37 	749 	909
f 742 	909 	750
f 891 	715 	894
f 1416 	1 	908
f 742 	899 	6
f 908 	6 	899
f 742 	6 	909
f 838 	834 	734
f 911 	910 	896
f 526 	978 	838
f 838 	978 	914
f 910 	719 	871
f 838 	734 	526
f 838 	914 	837
f 1337 	719 	910
f 716 	715 	891
f 715 	511 	894
f 914 	920 	837
f 1646 	954 	768
f 919 	918 	925
f 756 	926 	513
f 924 	513 	926
f 202 	1427 	340
f 928 	922 	915
f 915 	962 	928
f 932 	931 	933
f 931 	929 	933
f 957 	900 	935
f 904 	935 	900
f 403 	404 	898
f 927 	930 	934
f 907 	788 	930
f 403 	898 	938
f 1047 	826 	904
f 1593 	924 	926
f 904 	826 	935
f 926 	756 	757
f 937 	939 	938
f 898 	950 	938
f 919 	965 	918
f 940 	939 	937
f 950 	898 	900
f 925 	942 	919
f 955 	937 	938
f 710 	941 	944
f 942 	925 	945
f 919 	942 	906
f 939 	408 	403
f 919 	906 	846
f 938 	939 	403
f 939 	940 	408
f 942 	945 	946
f 948 	946 	945
f 940 	409 	408
f 954 	710 	944
f 941 	707 	705
f 941 	710 	707
f 952 	913 	949
f 870 	897 	953
f 913 	930 	949
f 1427 	949 	930
f 711 	710 	954
f 953 	937 	955
f 948 	952 	946
f 949 	946 	952
f 953 	956 	937
f 942 	946 	959
f 938 	950 	955
f 705 	719 	941
f 953 	897 	956
f 945 	907 	948
f 948 	907 	952
f 957 	870 	953
f 878 	870 	957
f 957 	953 	955
f 950 	957 	955
f 900 	957 	950
f 961 	960 	1414
f 914 	928 	920
f 840 	839 	920
f 958 	960 	961
f 20 	857 	920
f 961 	1414 	941
f 920 	928 	962
f 16 	17 	962
f 17 	21 	920
f 16 	962 	18
f 962 	17 	920
f 1433 	723 	907
f 970 	941 	719
f 965 	846 	968
f 968 	846 	657
f 868 	976 	852
f 160 	723 	976
f 968 	971 	965
f 972 	1302 	970
f 965 	971 	964
f 941 	970 	961
f 958 	961 	970
f 964 	918 	965
f 581 	976 	582
f 975 	972 	970
f 965 	919 	846
f 982 	972 	975
f 970 	1302 	958
f 966 	1526 	979
f 980 	975 	970
f 964 	971 	918
f 719 	980 	970
f 982 	975 	980
f 983 	360 	368
f 527 	360 	983
f 526 	527 	983
f 945 	925 	907
f 918 	971 	925
f 968 	656 	925
f 971 	968 	925
f 657 	656 	968
f 907 	925 	656
f 368 	981 	983
f 653 	466 	907
f 526 	983 	978
f 984 	613 	601
f 984 	658 	613
f 978 	983 	977
f 981 	986 	983
f 425 	1058 	990
f 989 	988 	987
f 989 	987 	425
f 988 	989 	985
f 425 	424 	1058
f 989 	990 	985
f 425 	987 	991
f 984 	991 	614
f 987 	992 	991
f 991 	992 	1055
f 991 	1055 	614
f 991 	426 	425
f 985 	990 	1058
f 987 	993 	992
f 994 	1054 	993
f 993 	988 	994
f 987 	988 	993
f 988 	985 	994
f 775 	992 	993
f 993 	774 	775
f 930 	913 	907
f 1054 	774 	993
f 957 	935 	878
f 966 	1022 	996
f 215 	997 	995
f 966 	996 	1526
f 800 	1002 	1001
f 1002 	800 	815
f 812 	6 	908
f 1016 	163 	1015
f 1008 	883 	873
f 1008 	884 	883
f 1010 	1001 	1002
f 1010 	1237 	1001
f 1010 	1002 	1034
f 1005 	1010 	1034
f 1010 	1009 	1237
f 1010 	1013 	1014
f 1019 	1014 	1013
f 1015 	163 	1012
f 163 	77 	1012
f 1005 	1022 	966
f 1013 	966 	979
f 1005 	966 	1010
f 966 	1013 	1010
f 902 	901 	1007
f 1014 	1009 	1010
f 873 	1015 	1008
f 1007 	1008 	1017
f 1007 	1017 	1011
f 1018 	1019 	1013
f 1011 	1017 	1012
f 1008 	1015 	1017
f 1016 	1015 	873
f 1017 	1015 	1012
f 1016 	873 	125
f 1016 	125 	163
f 1521 	1014 	1539
f 1521 	1009 	1014
f 1013 	979 	1018
f 808 	1039 	806
f 996 	1022 	1023
f 1026 	1027 	1032
f 1023 	1027 	996
f 248 	1026 	1032
f 1027 	1023 	1031
f 119 	248 	1032
f 1031 	1023 	1022
f 801 	1032 	1031
f 808 	801 	1039
f 1027 	1031 	1032
f 801 	119 	1032
f 119 	801 	1434
f 811 	806 	1039
f 1034 	815 	811
f 1034 	1002 	815
f 1034 	811 	1039
f 1034 	1039 	1005
f 1005 	1039 	1022
f 801 	1031 	1039
f 1039 	1031 	1022
f 1041 	597 	53
f 500 	676 	1045
f 1045 	497 	500
f 1046 	497 	1045
f 1048 	856 	827
f 1047 	827 	826
f 1047 	1049 	827
f 1046 	1049 	1047
f 1048 	827 	1049
f 1046 	1048 	1049
f 1003 	997 	1004
f 1050 	1004 	997
f 487 	597 	1043
f 1051 	1172 	1003
f 1043 	488 	487
f 774 	1054 	1090
f 977 	983 	986
f 781 	614 	1055
f 775 	781 	1055
f 992 	775 	1055
f 994 	985 	1062
f 1056 	1059 	986
f 1043 	1061 	488
f 1043 	1041 	1052
f 1057 	1060 	1056
f 1059 	977 	986
f 1072 	1062 	985
f 1307 	1076 	1075
f 1067 	1071 	1065
f 1067 	1059 	1071
f 1059 	1067 	977
f 1069 	1074 	1068
f 1072 	1074 	1073
f 1075 	1056 	1060
f 1074 	1063 	1073
f 1060 	1307 	1075
f 1063 	1066 	1073
f 1073 	1066 	1072
f 1075 	1076 	1077
f 1172 	995 	997
f 1074 	1064 	1063
f 1068 	439 	1069
f 1059 	1056 	1075
f 439 	440 	1069
f 1078 	1059 	1075
f 997 	215 	1000
f 997 	1000 	1050
f 1089 	1078 	1075
f 1077 	1089 	1075
f 437 	1068 	1058
f 1074 	1072 	1068
f 1053 	1004 	1050
f 1059 	1078 	1071
f 503 	1223 	1000
f 1083 	1084 	1085
f 1058 	1068 	1072
f 985 	1058 	1072
f 1081 	616 	1086
f 1062 	1072 	1066
f 1077 	1080 	1089
f 1088 	1080 	1077
f 616 	618 	1086
f 1071 	1070 	1065
f 618 	684 	1070
f 1070 	1086 	618
f 1086 	1070 	1071
f 1077 	1076 	1088
f 1437 	1305 	1087
f 1087 	778 	786
f 1080 	1081 	1089
f 1081 	1086 	1089
f 1071 	1078 	1089
f 631 	1080 	1088
f 1089 	1086 	1071
f 781 	774 	1090
f 1359 	631 	1088
f 1090 	783 	781
f 1090 	1299 	1091
f 1090 	1091 	783
f 18 	962 	1092
f 764 	770 	933
f 1093 	1101 	914
f 1087 	755 	778
f 767 	1099 	1097
f 767 	1097 	768
f 1097 	773 	768
f 928 	914 	1101
f 962 	915 	1092
f 1101 	1093 	1065
f 1093 	1067 	1065
f 977 	1093 	978
f 977 	1067 	1093
f 978 	1093 	914
f 1065 	1100 	1101
f 922 	928 	1101
f 1100 	922 	1101
f 1100 	1065 	1070
f 652 	1092 	915
f 922 	652 	915
f 922 	675 	652
f 667 	922 	1100
f 922 	667 	675
f 933 	510 	881
f 1391 	1390 	768
f 1481 	933 	1099
f 1097 	1099 	933
f 767 	766 	1481
f 1099 	767 	1481
f 136 	976 	139
f 1121 	139 	976
f 868 	1121 	976
f 1132 	142 	1130
f 1135 	1130 	1134
f 1136 	1141 	155
f 1130 	1135 	1132
f 1130 	1131 	1083
f 933 	1481 	932
f 1134 	1141 	1136
f 764 	933 	759
f 1130 	1141 	1134
f 770 	773 	933
f 933 	773 	1097
f 976 	149 	1141
f 879 	759 	933
f 879 	933 	881
f 1083 	600 	1130
f 1141 	1130 	600
f 18 	1130 	16
f 603 	1130 	18
f 1131 	1130 	603
f 1143 	188 	1142
f 1131 	603 	610
f 488 	1061 	495
f 1147 	495 	1061
f 1142 	1145 	1144
f 1142 	1144 	1146
f 1146 	1148 	1142
f 1142 	1148 	1149
f 1142 	1152 	1145
f 211 	1154 	1151
f 1052 	1061 	1043
f 1158 	1157 	1159
f 1157 	1156 	1159
f 1156 	1155 	1159
f 1155 	1152 	1159
f 1142 	1159 	1152
f 1052 	1147 	1061
f 1159 	1151 	1158
f 1154 	1158 	1151
f 1147 	1162 	1150
f 1161 	1160 	1158
f 1160 	1157 	1158
f 1052 	1041 	1164
f 800 	1164 	1041
f 1162 	1052 	1164
f 227 	156 	1159
f 1045 	1048 	1046
f 1163 	1225 	1162
f 601 	497 	1046
f 1147 	1052 	1162
f 1162 	1164 	1163
f 1182 	1221 	1168
f 1168 	1221 	427
f 1170 	1221 	1174
f 426 	1168 	427
f 426 	991 	1168
f 1544 	995 	1172
f 599 	1083 	1085
f 1172 	1051 	1176
f 997 	1003 	1172
f 1159 	1165 	1151
f 1174 	1175 	1179
f 1178 	1172 	1176
f 1177 	1172 	1178
f 815 	800 	1041
f 601 	1046 	1179
f 1161 	1158 	1180
f 933 	1210 	1158
f 489 	1214 	1219
f 1179 	1175 	601
f 211 	170 	1154
f 1182 	1168 	984
f 1214 	495 	1147
f 1147 	1150 	1214
f 1159 	156 	157
f 1165 	1159 	157
f 1154 	1209 	1158
f 1184 	1214 	1150
f 164 	1165 	157
f 1150 	1162 	1184
f 1214 	1184 	1185
f 933 	1158 	1209
f 1189 	1212 	1188
f 1188 	1212 	1187
f 1189 	1188 	1190
f 1159 	1142 	227
f 1192 	1143 	1142
f 1190 	1084 	1189
f 1083 	1189 	1084
f 1194 	1201 	1188
f 1195 	1194 	1188
f 1195 	1188 	1196
f 1196 	1188 	1191
f 1084 	1190 	1223
f 1188 	1223 	1190
f 1149 	1192 	1142
f 1200 	321 	1197
f 633 	314 	1197
f 1201 	1217 	1188
f 1187 	1191 	1188
f 1203 	1204 	1050
f 1198 	1203 	1050
f 1197 	1207 	1205
f 1204 	1079 	1050
f 1079 	1053 	1050
f 1084 	1223 	1085
f 599 	1085 	1223
f 1205 	1209 	1197
f 314 	933 	1207
f 1207 	933 	1205
f 1226 	1172 	1212
f 1177 	1212 	1172
f 1177 	1187 	1212
f 1185 	1183 	1214
f 1211 	1197 	1213
f 1200 	1197 	1211
f 1168 	991 	984
f 489 	495 	1214
f 1199 	1198 	1050
f 1223 	1188 	1217
f 984 	601 	1182
f 1170 	427 	1221
f 1218 	1215 	1050
f 1215 	1199 	1050
f 1189 	1285 	1212
f 601 	1175 	1182
f 1182 	1175 	1221
f 1221 	1175 	1174
f 1222 	1218 	1223
f 1050 	1223 	1218
f 1217 	1222 	1223
f 600 	599 	1223
f 1046 	1047 	1179
f 1214 	1220 	655
f 1223 	976 	600
f 1224 	1047 	904
f 1050 	1000 	1223
f 636 	1219 	655
f 1224 	1179 	1047
f 1141 	600 	976
f 1174 	1224 	1170
f 655 	1219 	1214
f 191 	160 	1223
f 1224 	1174 	1179
f 1172 	1545 	1544
f 1226 	1545 	1172
f 1224 	904 	900
f 1224 	900 	1170
f 1225 	1163 	1164
f 413 	412 	1227
f 1001 	1164 	800
f 1209 	1213 	1197
f 1229 	1227 	509
f 1230 	1225 	1228
f 1398 	1162 	1225
f 1232 	1225 	1230
f 1360 	1232 	1230
f 1255 	410 	1258
f 406 	1231 	890
f 407 	1231 	406
f 407 	410 	1231
f 1001 	1237 	1225
f 1528 	1228 	1236
f 1238 	1520 	1447
f 1164 	1001 	1225
f 1209 	1154 	1248
f 154 	170 	208
f 1243 	1235 	1239
f 1239 	1235 	1240
f 1009 	1236 	1237
f 1553 	1235 	1243
f 1536 	1240 	1235
f 1239 	1244 	1243
f 1228 	1237 	1236
f 1506 	1286 	162
f 1447 	960 	1238
f 1238 	1283 	1520
f 1556 	1283 	1553
f 1259 	880 	1255
f 1231 	410 	1255
f 603 	1092 	1251
f 1092 	652 	1251
f 1348 	490 	413
f 652 	1263 	1251
f 409 	940 	1253
f 1347 	1258 	410
f 1257 	1252 	1254
f 610 	1254 	1252
f 937 	1253 	940
f 1251 	1254 	610
f 1254 	1256 	1257
f 1253 	880 	1259
f 956 	880 	1253
f 956 	1253 	937
f 1286 	40 	162
f 323 	322 	162
f 323 	162 	328
f 322 	1250 	162
f 1249 	1248 	162
f 1248 	1154 	162
f 1258 	1253 	1259
f 1213 	1209 	1248
f 1258 	1260 	1253
f 1250 	1249 	162
f 1197 	634 	633
f 1263 	1256 	1254
f 650 	651 	1263
f 1091 	1096 	786
f 1268 	450 	1269
f 1251 	1263 	1254
f 1096 	1267 	1098
f 1098 	1267 	1274
f 704 	1263 	671
f 1287 	1098 	1274
f 1103 	1102 	1274
f 1341 	1256 	1263
f 1102 	1308 	1287
f 1263 	651 	671
f 1102 	1287 	1274
f 1275 	1260 	1276
f 1260 	1275 	1269
f 1274 	1267 	1103
f 1267 	1091 	1299
f 1282 	1131 	610
f 1299 	1103 	1267
f 1247 	1246 	1243
f 1247 	1243 	1244
f 1282 	1189 	1083
f 1272 	1270 	1278
f 1270 	1281 	1278
f 1556 	1531 	1283
f 1268 	1281 	1270
f 1252 	1189 	1282
f 1259 	1255 	1258
f 1285 	1280 	1212
f 1284 	1057 	1056
f 1285 	1279 	1280
f 1212 	1280 	1226
f 1253 	1260 	409
f 1284 	986 	981
f 450 	409 	1260
f 1260 	1269 	450
f 1270 	450 	1268
f 476 	485 	1286
f 442 	450 	1272
f 986 	1284 	1056
f 1322 	1321 	1260
f 1289 	1288 	1243
f 1246 	1289 	1243
f 1180 	1158 	1261
f 1261 	1158 	1210
f 208 	170 	211
f 1209 	1205 	933
f 1103 	1062 	1102
f 1238 	960 	958
f 994 	1062 	1103
f 1285 	1189 	1252
f 1297 	1293 	1292
f 1096 	1098 	1087
f 1293 	1297 	1296
f 1296 	1297 	1288
f 1243 	1288 	1297
f 1252 	1295 	1285
f 1096 	1087 	786
f 1096 	1091 	1267
f 1295 	1279 	1285
f 1299 	1054 	994
f 1282 	610 	1252
f 1299 	1090 	1054
f 1299 	994 	1103
f 1282 	1083 	1131
f 1298 	1303 	1304
f 1303 	1300 	1304
f 1303 	1307 	1300
f 1295 	1252 	1257
f 1257 	1256 	1295
f 703 	1087 	1305
f 1283 	1238 	1301
f 1235 	1283 	1301
f 1301 	1057 	1284
f 1284 	1235 	1301
f 1311 	1312 	1102
f 1301 	1304 	1300
f 1300 	1307 	1060
f 1057 	1300 	1060
f 1309 	1306 	704
f 1057 	1301 	1300
f 1304 	1301 	1310
f 1302 	1304 	1310
f 1301 	1238 	1310
f 958 	1310 	1238
f 1302 	1298 	1304
f 1102 	1066 	1311
f 1066 	1102 	1062
f 1312 	1313 	1308
f 294 	305 	1142
f 1308 	1102 	1312
f 294 	309 	305
f 1258 	1322 	1260
f 1210 	933 	929
f 292 	311 	1139
f 1139 	291 	292
f 355 	352 	1139
f 1138 	1297 	1139
f 1066 	1063 	1311
f 1315 	1318 	1313
f 1315 	1316 	1318
f 1272 	449 	442
f 1312 	1315 	1313
f 1311 	1063 	1315
f 1276 	1260 	1321
f 1321 	1272 	1276
f 1315 	1312 	1311
f 1318 	1314 	1313
f 1316 	1314 	1318
f 120 	1314 	1316
f 958 	1302 	1310
f 1302 	972 	1298
f 1298 	972 	982
f 1437 	1087 	1098
f 1406 	810 	807
f 1329 	440 	810
f 1329 	1402 	1330
f 1064 	1329 	1330
f 1309 	1336 	1306
f 1321 	1322 	1339
f 704 	1306 	1341
f 1306 	1336 	1341
f 1263 	704 	1341
f 1329 	1069 	440
f 1329 	1074 	1069
f 1074 	1329 	1064
f 907 	449 	1272
f 1272 	1321 	907
f 1321 	1339 	907
f 1278 	1276 	1272
f 1342 	1338 	1336
f 1337 	1346 	1334
f 1309 	1342 	1336
f 1334 	1346 	1335
f 1338 	1342 	1305
f 1227 	1348 	413
f 703 	1305 	1342
f 910 	1346 	1337
f 1227 	1229 	1348
f 1348 	1229 	1351
f 1340 	1295 	1256
f 1341 	1340 	1256
f 1229 	1378 	1351
f 1340 	1336 	1384
f 1340 	1341 	1336
f 982 	1334 	1349
f 1322 	1258 	1347
f 1337 	1334 	982
f 1347 	1364 	1322
f 980 	719 	1337
f 982 	980 	1337
f 1333 	1353 	1332
f 1298 	982 	1349
f 490 	1348 	1347
f 1354 	944 	941
f 1349 	1355 	1356
f 944 	1354 	1391
f 1298 	1349 	1356
f 1356 	1355 	1358
f 1237 	1228 	1225
f 1088 	1076 	1358
f 1359 	1349 	1334
f 1334 	1335 	1359
f 1706 	1359 	1335
f 1359 	1704 	631
f 1349 	1359 	1355
f 1356 	1303 	1298
f 58 	1396 	1360
f 1364 	1365 	1366
f 1307 	1303 	1367
f 1367 	1303 	1356
f 1367 	1076 	1307
f 1359 	1358 	1355
f 1088 	1358 	1359
f 1076 	1367 	1358
f 1356 	1358 	1367
f 1372 	1373 	1370
f 1378 	1375 	1376
f 1365 	1364 	1376
f 1378 	1376 	1364
f 1377 	1569 	1373
f 1420 	1343 	1327
f 1364 	1351 	1378
f 1382 	1383 	1384
f 1384 	1386 	1382
f 1385 	1183 	1185
f 1381 	1382 	1386
f 1398 	1184 	1162
f 1279 	1384 	1383
f 1390 	1391 	1389
f 1183 	1385 	1395
f 1225 	1232 	1398
f 1398 	1397 	1185
f 1425 	1426 	1327
f 1385 	1185 	1397
f 1184 	1398 	1185
f 1343 	1402 	1406
f 1420 	1402 	1343
f 1343 	1406 	809
f 1396 	1397 	1404
f 1404 	1232 	1360
f 1404 	1360 	1396
f 1398 	1404 	1397
f 1398 	1232 	1404
f 1481 	766 	1390
f 1406 	807 	809
f 768 	954 	1391
f 1391 	954 	944
f 1406 	1402 	1329
f 1406 	1329 	810
f 1410 	1389 	1354
f 1408 	1438 	1315
f 1408 	1063 	1064
f 1391 	1354 	1389
f 1364 	1348 	1351
f 1408 	1315 	1063
f 1347 	1348 	1364
f 1364 	1366 	1322
f 1322 	1366 	1339
f 1434 	801 	1407
f 902 	1007 	1411
f 1408 	1415 	1413
f 1411 	1417 	902
f 1417 	1416 	908
f 1417 	1405 	1407
f 1411 	1423 	1417
f 1064 	1330 	1408
f 1417 	1407 	1416
f 1419 	1375 	1378
f 801 	808 	1407
f 523 	1422 	1378
f 1416 	1407 	808
f 1419 	1378 	1422
f 808 	804 	1416
f 1417 	1423 	1405
f 1424 	1429 	1423
f 1408 	1330 	1421
f 1012 	1424 	1011
f 1415 	1408 	1421
f 1415 	1421 	1420
f 1421 	1330 	1402
f 1415 	1420 	1463
f 1402 	1420 	1421
f 1007 	1011 	1423
f 1007 	1423 	1411
f 1423 	1011 	1424
f 860 	1424 	1012
f 77 	860 	1012
f 1422 	285 	1419
f 1375 	1419 	285
f 1423 	1429 	1428
f 1428 	1405 	1423
f 1428 	1407 	1405
f 1425 	959 	946
f 1378 	1229 	523
f 949 	1427 	1425
f 1430 	860 	856
f 930 	927 	1427
f 205 	341 	1529
f 201 	1529 	1427
f 1376 	1375 	285
f 934 	930 	792
f 1430 	1429 	1424
f 1430 	1424 	860
f 1366 	1365 	285
f 1425 	946 	949
f 1431 	1428 	1432
f 1376 	285 	1365
f 1425 	1327 	959
f 1432 	1428 	1442
f 1339 	1366 	285
f 1407 	1428 	1431
f 285 	907 	1339
f 1327 	809 	959
f 316 	315 	1432
f 913 	952 	907
f 119 	1434 	128
f 656 	653 	907
f 1434 	1431 	1432
f 1437 	133 	1305
f 1434 	1407 	1431
f 31 	1437 	38
f 31 	133 	1437
f 128 	1434 	1432
f 1438 	1316 	1315
f 1408 	1413 	1438
f 3 	4 	1438
f 1394 	1279 	1383
f 1438 	1413 	3
f 1413 	1415 	15
f 1394 	1393 	1279
f 15 	3 	1413
f 1098 	1444 	1437
f 1098 	1287 	1444
f 1308 	1444 	1287
f 676 	1461 	1045
f 1308 	1313 	1444
f 676 	1443 	1461
f 1314 	1444 	1313
f 1280 	1393 	1392
f 1280 	1279 	1393
f 1381 	1394 	1382
f 1437 	1444 	38
f 1445 	316 	1432
f 1445 	1439 	316
f 1459 	1461 	1443
f 1295 	1340 	1384
f 1332 	1450 	1451
f 1386 	1384 	1338
f 1451 	1333 	1332
f 1332 	1447 	1450
f 12 	1422 	523
f 1384 	1336 	1338
f 1386 	1338 	1305
f 1450 	1547 	1353
f 1386 	1305 	1381
f 1414 	960 	1447
f 1383 	1382 	1394
f 1354 	1447 	1332
f 1384 	1279 	1295
f 941 	1414 	1354
f 1372 	1377 	1373
f 1080 	631 	1455
f 1332 	1353 	1354
f 1410 	1354 	1353
f 1452 	1455 	631
f 638 	616 	1455
f 1396 	1456 	1453
f 1081 	1080 	1455
f 1081 	1455 	616
f 1432 	1442 	1446
f 250 	1458 	251
f 1459 	1443 	1439
f 1445 	1459 	1439
f 1333 	1451 	1353
f 1460 	1694 	1462
f 1457 	1453 	1456
f 1457 	1462 	1453
f 1461 	1459 	1479
f 1372 	1460 	1457
f 1460 	1462 	1457
f 1429 	1430 	1440
f 1456 	1377 	1457
f 1354 	1414 	1447
f 1314 	120 	1444
f 126 	8 	1463
f 1463 	8 	3
f 1457 	1377 	1372
f 1452 	1454 	1465
f 1430 	856 	1440
f 1463 	3 	15
f 1465 	1455 	1452
f 1447 	1547 	1450
f 1415 	1463 	15
f 1455 	1465 	638
f 856 	1048 	1440
f 1440 	1048 	1461
f 1479 	1429 	1440
f 1463 	1420 	1327
f 1440 	1461 	1479
f 123 	121 	1466
f 121 	124 	1466
f 1471 	1500 	1400
f 1478 	1500 	1471
f 1401 	1400 	1500
f 1045 	1461 	1048
f 1459 	1445 	1446
f 1471 	1473 	1478
f 1520 	1519 	1447
f 1542 	1472 	1467
f 1474 	1489 	208
f 148 	208 	1489
f 208 	1151 	1474
f 1542 	1470 	1472
f 1474 	1476 	1475
f 1432 	1446 	1445
f 1459 	1446 	1479
f 1477 	1137 	1481
f 1137 	932 	1481
f 1478 	1473 	1480
f 1442 	1428 	1479
f 1479 	1446 	1442
f 1476 	1474 	1484
f 1478 	1484 	1474
f 1429 	1479 	1428
f 1500 	1478 	1474
f 1477 	1481 	1482
f 1491 	1658 	1454
f 1475 	1489 	1474
f 1463 	1466 	126
f 1390 	1389 	1297
f 1452 	1491 	1454
f 1466 	124 	126
f 1410 	1547 	1389
f 1353 	1547 	1410
f 1451 	1450 	1353
f 1465 	1661 	638
f 1478 	1492 	1484
f 1480 	1492 	1478
f 637 	638 	1661
f 1682 	637 	1661
f 1297 	1481 	1390
f 1297 	1482 	1481
f 1466 	1463 	1327
f 123 	1466 	1498
f 1466 	1327 	1426
f 1403 	255 	1458
f 1474 	1165 	255
f 1498 	1466 	1493
f 1474 	255 	1500
f 1470 	1502 	1472
f 1468 	1372 	1370
f 1426 	1425 	1493
f 1427 	1493 	1425
f 1466 	1426 	1493
f 1151 	1165 	1474
f 1427 	1498 	1493
f 1503 	1501 	1504
f 41 	120 	4
f 1499 	1498 	1504
f 1486 	1506 	1487
f 4 	1316 	1438
f 3 	41 	4
f 1488 	1487 	1506
f 4 	120 	1316
f 1372 	1468 	1460
f 348 	346 	1486
f 161 	1488 	162
f 1506 	162 	1488
f 1509 	1507 	383
f 1467 	1472 	1502
f 1506 	617 	606
f 1548 	1509 	383
f 1490 	514 	1502
f 480 	481 	1506
f 606 	612 	1506
f 1510 	1507 	1509
f 1507 	1510 	1526
f 1502 	1612 	1490
f 733 	1506 	728
f 733 	737 	1506
f 825 	822 	1506
f 1501 	1499 	1504
f 1515 	1512 	1600
f 1504 	1498 	1427
f 1518 	1519 	1520
f 1014 	1019 	1514
f 1509 	1508 	1510
f 1512 	1370 	1566
f 1539 	1014 	1514
f 1230 	1228 	1524
f 1297 	1389 	1547
f 52 	1527 	48
f 1524 	1527 	1532
f 1503 	1504 	1529
f 1518 	1297 	1519
f 1527 	1524 	1528
f 1228 	1528 	1524
f 1427 	1529 	1504
f 1520 	1531 	1518
f 1527 	52 	1532
f 1532 	1360 	1524
f 1536 	1535 	1534
f 1532 	58 	1360
f 1515 	1523 	1512
f 1536 	368 	1535
f 1009 	1521 	1236
f 1528 	1236 	1521
f 1528 	1521 	1527
f 1360 	1230 	1524
f 1523 	1370 	1512
f 1284 	981 	1536
f 1523 	1467 	1468
f 1523 	1542 	1467
f 49 	48 	1527
f 1521 	49 	1527
f 1499 	1501 	1533
f 1540 	995 	1537
f 1539 	51 	49
f 1522 	1526 	1510
f 1503 	1540 	1537
f 1523 	1468 	1370
f 1503 	1537 	1501
f 51 	1539 	1541
f 1537 	1533 	1501
f 1507 	1526 	378
f 1540 	233 	995
f 1540 	1503 	1529
f 49 	1521 	1539
f 1540 	1529 	233
f 1470 	1542 	1525
f 378 	383 	1507
f 1508 	1550 	1543
f 1522 	1019 	1018
f 1543 	1510 	1508
f 1018 	979 	1526
f 1522 	1018 	1526
f 1538 	1535 	368
f 1544 	1545 	1549
f 1514 	1522 	1543
f 1536 	981 	368
f 996 	378 	1526
f 996 	319 	378
f 1541 	1539 	1543
f 1539 	1514 	1543
f 1544 	1549 	1537
f 1547 	1447 	1519
f 1548 	1550 	1508
f 1533 	1537 	1549
f 1522 	1514 	1019
f 1235 	1284 	1536
f 1543 	1522 	1510
f 384 	1550 	1548
f 1549 	1545 	1616
f 1541 	1594 	51
f 1541 	1567 	1591
f 1543 	1567 	1541
f 1240 	1536 	1551
f 384 	1558 	1550
f 1594 	1541 	1591
f 1617 	1545 	1226
f 1568 	1591 	384
f 1545 	1617 	1616
f 1520 	1283 	1531
f 1537 	995 	1544
f 1591 	1558 	384
f 1570 	122 	1557
f 1548 	1508 	1509
f 1557 	122 	1559
f 1547 	1519 	1297
f 1518 	1531 	1297
f 1556 	1297 	1531
f 1235 	1553 	1283
f 1550 	1558 	1567
f 1515 	1525 	1542
f 1542 	1523 	1515
f 1534 	1561 	1536
f 1536 	1561 	1551
f 1533 	1565 	1560
f 1558 	1591 	1567
f 383 	385 	1548
f 1567 	1543 	1550
f 355 	1297 	371
f 1292 	371 	1297
f 1498 	1560 	1559
f 93 	1562 	68
f 1557 	1559 	1560
f 1482 	1297 	1138
f 355 	1139 	1297
f 1563 	1562 	93
f 1559 	123 	1498
f 69 	1562 	1605
f 1565 	1533 	1549
f 69 	68 	1562
f 1553 	1297 	1556
f 1243 	1297 	1553
f 1499 	1533 	1560
f 56 	1396 	58
f 1560 	1498 	1499
f 1373 	1566 	1370
f 1582 	56 	1578
f 1456 	1396 	56
f 1456 	1582 	1569
f 56 	1582 	1456
f 1456 	1569 	1377
f 1570 	143 	140
f 263 	260 	1571
f 1490 	512 	514
f 1490 	1633 	512
f 1633 	894 	512
f 90 	1572 	1571
f 263 	1571 	1572
f 1580 	1573 	1600
f 469 	263 	1572
f 30 	95 	1571
f 1600 	1566 	1580
f 30 	1571 	1590
f 113 	1286 	485
f 1373 	1580 	1566
f 1582 	1580 	1569
f 1583 	1585 	1584
f 1578 	1576 	1579
f 1581 	1646 	759
f 1585 	143 	1570
f 1582 	1579 	1580
f 764 	1646 	770
f 1373 	1569 	1580
f 1585 	1557 	1584
f 1573 	1580 	1579
f 1577 	1586 	1564
f 759 	879 	1581
f 1573 	1579 	1576
f 510 	1662 	881
f 879 	881 	1581
f 513 	924 	510
f 1585 	1570 	1557
f 1582 	1578 	1579
f 1560 	1565 	1584
f 60 	79 	1578
f 1564 	1586 	1575
f 234 	1590 	1571
f 89 	1592 	79
f 89 	103 	1592
f 1593 	757 	627
f 79 	1592 	1578
f 1562 	1563 	1606
f 1578 	1592 	1576
f 1564 	1575 	1592
f 1590 	234 	643
f 1576 	1575 	1586
f 1563 	1594 	1606
f 1584 	1565 	1603
f 1583 	1584 	1588
f 1603 	1588 	1584
f 1512 	1566 	1600
f 1583 	1587 	1585
f 1557 	1560 	1584
f 1587 	1574 	133
f 926 	757 	1593
f 1587 	133 	1585
f 1592 	1605 	1564
f 1587 	1583 	1588
f 1586 	1589 	1576
f 1600 	1595 	1525
f 1596 	712 	1597
f 143 	1585 	133
f 1592 	1575 	1576
f 1525 	1515 	1600
f 1597 	1598 	1596
f 1601 	1587 	1599
f 1602 	1573 	1576
f 1600 	1573 	1602
f 1598 	1593 	1596
f 709 	1597 	712
f 655 	1220 	1597
f 1600 	1602 	1595
f 1604 	1586 	1577
f 1604 	1602 	1589
f 1627 	1593 	1598
f 627 	1590 	1596
f 1591 	1568 	1594
f 1604 	1589 	1586
f 1605 	1568 	384
f 1589 	1602 	1576
f 627 	1596 	1593
f 1598 	1597 	1627
f 1595 	1618 	1525
f 709 	655 	1597
f 1606 	1605 	1562
f 1470 	1613 	1611
f 388 	689 	1605
f 1605 	689 	686
f 1605 	384 	388
f 686 	692 	1605
f 692 	754 	1605
f 1087 	1605 	754
f 1087 	703 	1605
f 703 	1564 	1605
f 1599 	1603 	1614
f 1599 	1588 	1603
f 1565 	1614 	1603
f 1594 	1568 	1605
f 1594 	1605 	1606
f 1532 	1615 	58
f 1615 	52 	54
f 1470 	1618 	1613
f 1525 	1618 	1470
f 1532 	52 	1615
f 1618 	1666 	1613
f 1619 	58 	1615
f 1565 	1616 	1614
f 1615 	54 	1619
f 1668 	1613 	1666
f 1565 	1549 	1616
f 69 	101 	1619
f 1392 	1617 	1280
f 1612 	1502 	1611
f 1470 	1611 	1502
f 1588 	1599 	1587
f 51 	1619 	54
f 69 	1619 	51
f 1614 	1616 	1620
f 1617 	1620 	1616
f 51 	54 	48
f 1620 	1617 	1621
f 1614 	1620 	1601
f 1614 	1601 	1599
f 1594 	1563 	51
f 1601 	1574 	1587
f 93 	51 	1563
f 1617 	1392 	1621
f 1620 	1621 	1623
f 1639 	494 	1608
f 1624 	1622 	1645
f 1623 	1601 	1620
f 1622 	1611 	1613
f 1617 	1226 	1280
f 924 	1625 	1662
f 1662 	510 	924
f 1622 	1626 	1611
f 1625 	1627 	1628
f 924 	1593 	1627
f 1623 	1574 	1601
f 1613 	1668 	1622
f 1633 	1490 	1612
f 1627 	1625 	924
f 1622 	1624 	1626
f 1629 	1381 	1305
f 1394 	1381 	1629
f 1630 	1597 	1220
f 1621 	1629 	1623
f 1627 	1597 	1630
f 1627 	1630 	1628
f 1629 	1393 	1394
f 1392 	1393 	1629
f 1631 	1628 	1630
f 1629 	1621 	1392
f 1629 	1574 	1623
f 1612 	1611 	1635
f 133 	1629 	1305
f 1628 	1631 	1638
f 1626 	1635 	1611
f 1629 	133 	1574
f 1633 	1612 	1635
f 1631 	1220 	1214
f 1631 	1630 	1220
f 1624 	882 	887
f 1631 	1214 	1183
f 1626 	1624 	1635
f 1635 	1624 	887
f 1628 	1638 	1637
f 1635 	894 	1633
f 1638 	1639 	1637
f 887 	894 	1635
f 1634 	1724 	1727
f 910 	911 	1640
f 1632 	1642 	9
f 1631 	1183 	1609
f 1640 	911 	1652
f 1643 	1638 	1631
f 1636 	1632 	1634
f 1643 	1639 	1638
f 1631 	1609 	1610
f 1729 	1634 	1727
f 1643 	1631 	1610
f 1636 	1634 	1710
f 1710 	699 	1636
f 1644 	1652 	911
f 1644 	911 	882
f 1729 	1710 	1634
f 1637 	1625 	1628
f 1624 	1645 	1644
f 1632 	1670 	1642
f 1647 	1640 	1641
f 1624 	1644 	882
f 764 	759 	1646
f 1636 	1670 	1632
f 768 	770 	1646
f 1346 	910 	1640
f 1648 	711 	954
f 1648 	714 	711
f 954 	1646 	1648
f 1647 	1703 	1346
f 782 	776 	1684
f 777 	1342 	1651
f 1650 	1660 	1659
f 1641 	1640 	1652
f 1652 	1650 	1641
f 1652 	1654 	1650
f 1651 	1653 	777
f 1651 	1342 	1309
f 780 	1651 	1309
f 1651 	1684 	1653
f 1651 	780 	782
f 1651 	782 	1684
f 1656 	1654 	1652
f 1656 	1652 	1645
f 1649 	1657 	1655
f 1647 	1641 	1650
f 1648 	1655 	1657
f 1647 	1650 	1659
f 1644 	1645 	1652
f 1465 	1454 	1661
f 1646 	1581 	1649
f 1656 	1645 	1622
f 1658 	1661 	1454
f 1659 	1703 	1647
f 1648 	1646 	1655
f 1655 	1646 	1649
f 1581 	881 	1662
f 1649 	1581 	1662
f 1649 	1625 	1637
f 1660 	1650 	1654
f 1649 	1662 	1625
f 1663 	1664 	1636
f 1608 	1657 	1649
f 1663 	1665 	1664
f 1667 	1669 	1657
f 1666 	1674 	1668
f 1671 	1658 	1670
f 1669 	1648 	1657
f 1673 	1669 	1667
f 1670 	1664 	1671
f 1672 	1622 	1668
f 715 	1648 	1669
f 1667 	1608 	1673
f 1664 	1665 	1671
f 511 	715 	1669
f 1685 	1671 	1675
f 1636 	699 	1495
f 1666 	1595 	1602
f 1495 	1663 	1636
f 1608 	1667 	1657
f 1666 	1602 	1674
f 1648 	715 	714
f 1491 	1642 	1658
f 1608 	1649 	1637
f 1642 	1670 	1658
f 1637 	1639 	1608
f 1595 	1666 	1618
f 1661 	1658 	1671
f 515 	1673 	1608
f 1661 	1671 	1682
f 1674 	1677 	1668
f 1395 	1610 	1609
f 1676 	1665 	1663
f 1668 	1677 	1672
f 1665 	1675 	1671
f 1677 	1678 	1672
f 1636 	1664 	1670
f 1681 	1689 	1395
f 1665 	1676 	1675
f 1689 	1610 	1395
f 1678 	1680 	1672
f 1609 	1183 	1395
f 1691 	1687 	1678
f 1385 	1397 	1681
f 1396 	1453 	1681
f 1663 	1495 	1676
f 1671 	1685 	1682
f 1682 	1683 	1684
f 1622 	1672 	1656
f 1686 	1602 	1604
f 637 	1682 	1684
f 1397 	1396 	1681
f 1682 	1685 	1683
f 1681 	1395 	1385
f 776 	637 	1684
f 1681 	1679 	1689
f 1687 	1686 	1688
f 1677 	1674 	1691
f 1683 	1676 	1653
f 1689 	1679 	1690
f 1691 	1678 	1677
f 1685 	1676 	1683
f 1685 	1675 	1676
f 1676 	1495 	1653
f 1691 	1674 	1686
f 1684 	1683 	1653
f 1686 	1674 	1602
f 1639 	1643 	1690
f 494 	1639 	1690
f 1686 	1687 	1691
f 1604 	1696 	1686
f 1692 	1686 	1696
f 1679 	494 	1690
f 1689 	1690 	1643
f 1687 	1680 	1678
f 1689 	1643 	1610
f 1468 	1694 	1460
f 1468 	1467 	1694
f 2 	1694 	1467
f 1692 	1688 	1686
f 91 	1679 	1694
f 1694 	2 	91
f 1694 	1679 	1681
f 1694 	1681 	1453
f 1695 	1688 	1692
f 1453 	1462 	1694
f 1693 	1687 	1688
f 1680 	1687 	1693
f 1693 	1688 	1713
f 515 	494 	252
f 1467 	1502 	2
f 253 	515 	252
f 515 	1608 	494
f 1710 	1604 	1577
f 494 	1679 	252
f 1502 	514 	492
f 2 	1502 	492
f 91 	2 	492
f 1696 	1719 	1692
f 1654 	1698 	1660
f 699 	1577 	777
f 777 	1577 	703
f 1725 	1701 	1722
f 1702 	1701 	1721
f 1725 	1721 	1701
f 1702 	1700 	1699
f 1703 	1701 	1702
f 1659 	1701 	1703
f 1702 	1699 	1703
f 1335 	1346 	1700
f 1346 	1699 	1700
f 1346 	1640 	1647
f 1346 	1703 	1699
f 631 	1704 	1709
f 1706 	1705 	1359
f 1359 	1705 	1704
f 1706 	1707 	1705
f 1706 	1700 	1702
f 1709 	1491 	1452
f 1452 	631 	1709
f 1702 	1721 	1707
f 1704 	1708 	1709
f 1708 	1705 	1707
f 1707 	1706 	1702
f 1705 	1708 	1704
f 1335 	1700 	1706
f 1710 	1697 	1696
f 1696 	1604 	1710
f 1564 	703 	1577
f 1693 	1713 	1712
f 1712 	1713 	1711
f 1688 	1695 	1713
f 1693 	1712 	1717
f 1712 	1711 	1716
f 1712 	1716 	1717
f 1654 	1656 	1714
f 1714 	1680 	1693
f 1714 	1672 	1680
f 1698 	1654 	1714
f 1672 	1714 	1656
f 1717 	1715 	1714
f 1660 	1698 	1714
f 1715 	1717 	1718
f 1718 	1717 	1716
f 1711 	1718 	1716
f 1693 	1717 	1714
f 1697 	1728 	1718
f 1719 	1711 	1713
f 1719 	1713 	1695
f 1692 	1719 	1695
f 1719 	1718 	1711
f 1719 	1697 	1718
f 1719 	1696 	1697
f 1642 	1491 	9
f 1708 	1720 	1709
f 1720 	9 	1491
f 1720 	1491 	1709
f 1721 	1720 	1708
f 1708 	1707 	1721
f 1721 	1730 	1720
f 1723 	1659 	1660
f 1660 	1714 	1723
f 1724 	1722 	1723
f 1724 	1725 	1722
f 1724 	1726 	1725
f 1724 	1723 	1727
f 10 	1726 	1632
f 1726 	1724 	1634
f 1634 	1632 	1726
f 1727 	1723 	1715
f 1723 	1714 	1715
f 1723 	1701 	1659
f 1722 	1701 	1723
f 1715 	1718 	1727
f 1697 	1710 	1728
f 1729 	1727 	1728
f 1729 	1728 	1710
f 1728 	1727 	1718
f 9 	1730 	10
f 9 	1720 	1730
f 10 	1730 	1726
f 1721 	1725 	1730
f 1726 	1730 	1725
f 1632 	9 	10
# 2455 faces

g group_0_16448250

usemtl color_16448250
s 0

f 24 	46 	28
f 34 	35 	26
f 35 	325 	144
f 334 	42 	39
f 40 	39 	42
f 40 	44 	39
f 43 	25 	36
f 33 	104 	44
f 1368 	1234 	46
f 26 	46 	24
f 25 	116 	36
f 57 	165 	59
f 165 	65 	1006
f 62 	64 	63
f 76 	64 	74
f 73 	74 	64
f 78 	74 	73
f 26 	35 	46
f 80 	73 	81
f 80 	78 	73
f 83 	81 	82
f 73 	82 	81
f 83 	82 	86
f 85 	86 	82
f 85 	84 	86
f 87 	86 	84
f 84 	222 	87
f 92 	47 	90
f 95 	46 	47
f 102 	46 	97
f 64 	76 	96
f 237 	63 	96
f 64 	96 	63
f 99 	64 	98
f 95 	47 	92
f 73 	64 	99
f 73 	99 	82
f 611 	82 	99
f 29 	46 	102
f 28 	46 	29
f 95 	97 	46
f 39 	104 	171
f 621 	116 	19
f 19 	116 	25
f 106 	108 	98
f 99 	98 	108
f 105 	110 	107
f 107 	110 	100
f 107 	104 	105
f 111 	112 	100
f 112 	113 	100
f 62 	98 	64
f 107 	472 	104
f 105 	104 	115
f 39 	44 	104
f 109 	110 	105
f 111 	100 	110
f 113 	485 	100
f 109 	105 	114
f 108 	106 	36
f 33 	115 	104
f 115 	114 	105
f 36 	116 	108
f 621 	99 	116
f 108 	116 	99
f 131 	1116 	130
f 137 	118 	117
f 135 	136 	132
f 118 	137 	129
f 132 	136 	139
f 142 	1116 	131
f 132 	973 	146
f 145 	149 	146
f 146 	973 	145
f 150 	134 	146
f 1485 	153 	147
f 145 	1133 	149
f 152 	147 	153
f 148 	1485 	147
f 150 	146 	149
f 132 	146 	134
f 135 	132 	134
f 154 	152 	153
f 320 	321 	144
f 170 	171 	169
f 161 	169 	171
f 153 	171 	170
f 153 	170 	154
f 286 	345 	1006
f 65 	286 	1006
f 207 	171 	153
f 173 	165 	57
f 175 	287 	173
f 333 	334 	171
f 178 	179 	173
f 179 	175 	173
f 168 	174 	181
f 329 	213 	181
f 183 	187 	178
f 183 	178 	173
f 186 	1193 	185
f 641 	1123 	167
f 188 	1193 	186
f 184 	189 	183
f 181 	159 	329
f 905 	329 	159
f 181 	174 	159
f 144 	1193 	193
f 193 	141 	144
f 172 	195 	209
f 198 	199 	189
f 199 	200 	189
f 202 	912 	201
f 1144 	193 	1146
f 189 	204 	198
f 196 	205 	201
f 172 	197 	167
f 936 	197 	921
f 1485 	193 	153
f 207 	153 	193
f 195 	197 	209
f 172 	209 	197
f 210 	207 	193
f 197 	195 	196
f 212 	204 	189
f 200 	214 	189
f 183 	189 	214
f 214 	206 	183
f 187 	183 	206
f 236 	212 	218
f 98 	62 	55
f 184 	218 	189
f 455 	452 	63
f 213 	216 	219
f 605 	1488 	611
f 611 	1488 	82
f 84 	85 	1488
f 216 	224 	219
f 222 	221 	225
f 223 	222 	225
f 464 	225 	221
f 85 	82 	1488
f 88 	87 	222
f 223 	88 	222
f 264 	228 	216
f 224 	216 	228
f 219 	220 	213
f 189 	218 	212
f 238 	213 	220
f 237 	239 	63
f 241 	195 	240
f 243 	218 	242
f 244 	240 	195
f 236 	218 	235
f 243 	235 	218
f 246 	1399 	247
f 249 	246 	247
f 249 	254 	246
f 257 	195 	238
f 213 	238 	195
f 254 	242 	246
f 218 	246 	242
f 195 	257 	244
f 258 	259 	260
f 261 	262 	216
f 260 	263 	258
f 262 	264 	216
f 265 	62 	63
f 265 	55 	62
f 213 	195 	172
f 267 	259 	258
f 268 	196 	241
f 258 	272 	271
f 270 	271 	272
f 274 	267 	271
f 258 	271 	267
f 270 	1488 	271
f 167 	213 	172
f 271 	479 	274
f 63 	272 	265
f 452 	279 	272
f 1436 	789 	720
f 284 	1607 	282
f 65 	165 	173
f 284 	282 	283
f 65 	173 	286
f 286 	173 	287
f 284 	283 	295
f 1607 	284 	117
f 284 	304 	117
f 1607 	117 	118
f 281 	283 	282
f 290 	1483 	151
f 295 	283 	296
f 298 	295 	297
f 296 	300 	295
f 301 	297 	300
f 297 	295 	300
f 300 	296 	302
f 117 	304 	137
f 182 	137 	304
f 295 	298 	185
f 1193 	295 	185
f 300 	306 	301
f 296 	283 	281
f 296 	281 	293
f 304 	284 	295
f 304 	295 	1193
f 182 	129 	137
f 307 	308 	293
f 293 	151 	307
f 290 	1291 	312
f 302 	296 	308
f 293 	308 	296
f 1139 	306 	300
f 312 	350 	1483
f 307 	151 	1483
f 308 	307 	1483
f 290 	312 	1483
f 1291 	290 	151
f 35 	34 	318
f 324 	35 	318
f 324 	325 	35
f 144 	327 	320
f 326 	327 	144
f 168 	181 	213
f 337 	333 	328
f 333 	1245 	328
f 326 	144 	331
f 332 	331 	144
f 332 	144 	325
f 39 	171 	334
f 333 	335 	336
f 333 	336 	334
f 337 	335 	333
f 336 	338 	334
f 338 	339 	334
f 42 	334 	339
f 329 	216 	213
f 340 	912 	202
f 195 	241 	196
f 196 	268 	341
f 196 	341 	205
f 905 	344 	329
f 273 	329 	344
f 273 	261 	329
f 216 	329 	261
f 287 	345 	286
f 347 	1006 	345
f 348 	1006 	347
f 312 	1291 	350
f 349 	361 	354
f 357 	1483 	356
f 356 	1483 	354
f 350 	349 	1483
f 349 	354 	1483
f 371 	1483 	357
f 373 	567 	359
f 353 	354 	361
f 362 	353 	361
f 362 	361 	363
f 361 	349 	350
f 361 	365 	363
f 363 	365 	364
f 370 	364 	365
f 367 	370 	365
f 272 	63 	452
f 455 	63 	457
f 63 	239 	456
f 456 	457 	63
f 444 	470 	458
f 222 	84 	1488
f 221 	222 	1488
f 460 	221 	1488
f 459 	458 	470
f 457 	462 	460
f 457 	460 	455
f 464 	221 	463
f 463 	221 	462
f 459 	465 	467
f 460 	462 	221
f 279 	270 	272
f 467 	458 	459
f 265 	272 	258
f 967 	969 	467
f 458 	467 	969
f 445 	444 	969
f 258 	263 	469
f 47 	258 	469
f 470 	444 	445
f 471 	470 	445
f 471 	445 	448
f 473 	474 	1488
f 100 	485 	472
f 473 	472 	476
f 476 	477 	473
f 474 	473 	477
f 479 	271 	1488
f 452 	455 	1488
f 270 	279 	1488
f 277 	274 	479
f 480 	277 	479
f 474 	482 	1488
f 479 	482 	480
f 479 	1488 	482
f 481 	480 	482
f 483 	474 	477
f 481 	482 	483
f 482 	474 	483
f 476 	472 	485
f 486 	493 	475
f 486 	470 	471
f 493 	374 	373
f 486 	475 	470
f 373 	372 	493
f 374 	493 	486
f 1344 	374 	486
f 486 	1345 	1344
f 493 	372 	478
f 478 	475 	493
f 484 	470 	475
f 506 	174 	504
f 504 	501 	506
f 358 	528 	739
f 557 	570 	744
f 358 	567 	538
f 538 	528 	358
f 535 	539 	533
f 540 	744 	538
f 529 	744 	540
f 539 	541 	533
f 538 	533 	541
f 538 	541 	540
f 542 	546 	543
f 545 	544 	543
f 548 	544 	547
f 545 	543 	546
f 547 	544 	545
f 550 	551 	546
f 550 	546 	542
f 550 	552 	551
f 553 	551 	552
f 554 	552 	555
f 549 	555 	552
f 553 	552 	554
f 562 	537 	533
f 534 	535 	533
f 537 	534 	533
f 563 	573 	564
f 548 	565 	544
f 564 	544 	565
f 374 	567 	373
f 833 	836 	578
f 570 	585 	744
f 585 	578 	744
f 836 	744 	578
f 532 	556 	744
f 560 	561 	572
f 566 	572 	533
f 561 	533 	572
f 561 	562 	533
f 538 	567 	533
f 572 	720 	573
f 563 	560 	573
f 573 	720 	544
f 544 	564 	573
f 572 	573 	560
f 542 	543 	720
f 544 	720 	543
f 720 	550 	542
f 575 	549 	574
f 559 	549 	558
f 586 	574 	549
f 558 	549 	575
f 550 	973 	552
f 549 	552 	973
f 555 	549 	559
f 359 	567 	358
f 566 	568 	577
f 572 	566 	577
f 567 	566 	533
f 572 	577 	720
f 568 	720 	577
f 580 	583 	582
f 583 	584 	581
f 574 	586 	576
f 580 	582 	586
f 576 	586 	582
f 501 	973 	506
f 168 	504 	174
f 159 	174 	506
f 7 	598 	504
f 504 	598 	592
f 501 	999 	973
f 604 	602 	605
f 604 	605 	99
f 611 	99 	605
f 1487 	1488 	602
f 622 	99 	621
f 622 	604 	99
f 622 	1487 	604
f 621 	1487 	622
f 1487 	602 	604
f 19 	1486 	621
f 279 	452 	1488
f 455 	460 	1488
f 605 	602 	1488
f 484 	459 	470
f 444 	458 	969
f 641 	647 	644
f 459 	648 	465
f 649 	465 	648
f 649 	648 	654
f 459 	484 	648
f 647 	664 	644
f 647 	648 	484
f 969 	967 	647
f 647 	484 	664
f 649 	967 	465
f 718 	724 	722
f 973 	550 	720
f 159 	973 	720
f 722 	724 	721
f 725 	726 	724
f 865 	580 	973
f 586 	973 	580
f 973 	586 	549
f 721 	724 	726
f 821 	824 	1006
f 730 	1020 	721
f 726 	731 	721
f 731 	732 	721
f 730 	721 	732
f 725 	821 	1006
f 732 	736 	730
f 528 	738 	739
f 744 	529 	530
f 528 	538 	744
f 736 	740 	730
f 528 	744 	738
f 731 	1006 	732
f 736 	1006 	740
f 744 	745 	738
f 530 	532 	744
f 746 	1112 	739
f 730 	748 	747
f 738 	746 	739
f 747 	43 	36
f 747 	36 	730
f 746 	745 	858
f 629 	630 	929
f 630 	632 	929
f 129 	760 	118
f 129 	761 	760
f 762 	758 	763
f 1357 	1328 	765
f 765 	1110 	1357
f 762 	763 	769
f 772 	771 	769
f 762 	769 	771
f 664 	645 	644
f 1222 	1217 	973
f 598 	1140 	973
f 664 	475 	478
f 484 	475 	664
f 1126 	1125 	645
f 790 	905 	789
f 748 	1006 	747
f 106 	730 	36
f 106 	1242 	730
f 740 	748 	730
f 467 	465 	967
f 789 	905 	720
f 1006 	1486 	43
f 43 	747 	1006
f 748 	740 	1006
f 736 	732 	1006
f 818 	817 	820
f 817 	818 	823
f 823 	818 	824
f 824 	821 	823
f 875 	1006 	892
f 872 	1006 	875
f 818 	820 	1006
f 816 	817 	823
f 738 	745 	746
f 579 	831 	833
f 579 	833 	578
f 823 	717 	816
f 831 	832 	833
f 835 	583 	580
f 823 	718 	717
f 581 	582 	583
f 821 	725 	724
f 823 	821 	724
f 718 	823 	724
f 556 	557 	744
f 717 	1290 	816
f 839 	840 	1119
f 813 	817 	816
f 836 	841 	744
f 745 	744 	841
f 745 	843 	844
f 858 	745 	845
f 745 	844 	845
f 847 	845 	844
f 847 	848 	845
f 848 	849 	845
f 849 	861 	845
f 850 	851 	746
f 852 	839 	851
f 746 	851 	1119
f 1119 	851 	839
f 842 	843 	745
f 855 	854 	745
f 854 	842 	745
f 841 	855 	745
f 857 	1119 	840
f 850 	746 	858
f 845 	863 	858
f 864 	865 	858
f 863 	864 	858
f 973 	858 	865
f 850 	858 	973
f 863 	845 	861
f 863 	866 	864
f 851 	1120 	868
f 580 	865 	835
f 861 	866 	863
f 867 	864 	866
f 852 	851 	868
f 864 	867 	865
f 869 	865 	867
f 865 	869 	835
f 59 	872 	57
f 57 	872 	813
f 875 	813 	872
f 726 	725 	1006
f 892 	820 	817
f 817 	813 	892
f 875 	892 	813
f 731 	726 	1006
f 820 	892 	1006
f 824 	818 	1006
f 165 	1006 	59
f 912 	951 	196
f 921 	196 	951
f 196 	921 	197
f 923 	917 	916
f 923 	974 	917
f 916 	921 	923
f 340 	927 	912
f 196 	201 	912
f 927 	934 	912
f 792 	912 	934
f 921 	916 	936
f 917 	974 	916
f 943 	923 	921
f 974 	923 	788
f 943 	788 	923
f 921 	947 	943
f 912 	788 	951
f 792 	788 	912
f 921 	951 	947
f 943 	947 	788
f 951 	788 	947
f 167 	936 	641
f 641 	936 	916
f 641 	916 	647
f 969 	647 	963
f 963 	916 	974
f 851 	850 	973
f 1120 	973 	132
f 648 	647 	967
f 788 	127 	974
f 916 	963 	647
f 167 	197 	936
f 789 	127 	788
f 967 	654 	648
f 969 	963 	127
f 654 	967 	649
f 963 	974 	127
f 501 	998 	999
f 1004 	999 	1003
f 25 	1486 	19
f 872 	59 	1006
f 722 	721 	1020
f 1020 	1021 	722
f 1028 	55 	265
f 98 	55 	1030
f 1241 	1030 	1020
f 55 	1028 	1030
f 1029 	1025 	1024
f 1025 	1029 	1042
f 1029 	1024 	1042
f 1021 	1025 	1042
f 1021 	718 	722
f 1021 	1038 	718
f 1021 	1030 	1028
f 1021 	1028 	1025
f 1020 	1030 	1021
f 1025 	1033 	1024
f 1028 	1033 	1025
f 265 	1033 	1028
f 218 	184 	1035
f 1037 	1036 	1035
f 1040 	1037 	1038
f 1037 	1040 	1036
f 1024 	1169 	1036
f 1035 	184 	1037
f 1040 	1038 	1042
f 1036 	1042 	1024
f 1044 	717 	718
f 718 	1038 	1044
f 1037 	717 	1044
f 1038 	1037 	1044
f 1042 	1036 	1040
f 184 	1290 	717
f 1021 	1042 	1038
f 998 	1051 	1003
f 998 	501 	504
f 998 	1003 	999
f 1199 	973 	1198
f 1204 	973 	1079
f 973 	999 	1053
f 1079 	973 	1053
f 592 	1082 	504
f 998 	504 	1082
f 763 	758 	931
f 1104 	931 	877
f 1095 	760 	1094
f 760 	1095 	765
f 772 	1094 	771
f 760 	771 	1094
f 629 	505 	762
f 877 	758 	505
f 762 	505 	758
f 505 	1104 	877
f 129 	1105 	761
f 762 	761 	629
f 630 	629 	761
f 632 	761 	1105
f 761 	632 	630
f 1109 	645 	664
f 372 	1107 	1108
f 1107 	372 	373
f 1111 	1106 	1107
f 358 	739 	1112
f 1109 	664 	478
f 929 	931 	1104
f 358 	1112 	359
f 1108 	1126 	1109
f 1108 	1109 	478
f 931 	932 	1094
f 372 	1108 	478
f 1095 	1094 	1110
f 1095 	1110 	765
f 159 	506 	973
f 1112 	1111 	373
f 1112 	1114 	1111
f 1112 	746 	1114
f 1128 	1129 	1111
f 1111 	1114 	1113
f 1129 	1106 	1111
f 373 	359 	1112
f 1111 	1107 	373
f 7 	1115 	14
f 1115 	1116 	14
f 1117 	1116 	1115
f 1117 	1118 	1116
f 1113 	1118 	1117
f 1111 	1113 	1117
f 1115 	1111 	1117
f 20 	1119 	857
f 21 	1119 	20
f 130 	1116 	21
f 1119 	21 	1116
f 851 	973 	1120
f 132 	139 	1120
f 139 	1121 	1120
f 868 	1120 	1121
f 1122 	1119 	1118
f 1122 	746 	1119
f 1116 	1118 	1119
f 1113 	1114 	1122
f 1113 	1122 	1118
f 1122 	1114 	746
f 1115 	1128 	1111
f 1123 	1124 	167
f 1126 	1106 	1125
f 1127 	641 	644
f 1127 	644 	645
f 1127 	1123 	641
f 1127 	645 	1125
f 1126 	1108 	1107
f 1128 	504 	168
f 1106 	1127 	1125
f 1129 	1128 	1124
f 1128 	1115 	7
f 7 	504 	1128
f 1129 	1124 	1127
f 1124 	1128 	168
f 1106 	1129 	1127
f 168 	213 	1124
f 1107 	1106 	1126
f 645 	1109 	1126
f 1124 	1123 	1127
f 213 	167 	1124
f 1116 	142 	1132
f 771 	760 	761
f 761 	762 	771
f 14 	1135 	1133
f 1134 	1133 	1135
f 1104 	505 	929
f 973 	1140 	145
f 758 	877 	931
f 505 	629 	929
f 1134 	1136 	1133
f 1132 	1135 	14
f 1132 	14 	1116
f 155 	149 	1133
f 1136 	155 	1133
f 1110 	1094 	932
f 1137 	1110 	932
f 769 	763 	931
f 772 	769 	931
f 1094 	772 	931
f 14 	1133 	7
f 300 	1483 	1139
f 1140 	7 	1133
f 1133 	145 	1140
f 1110 	1483 	1357
f 1140 	598 	7
f 1193 	188 	1143
f 1145 	193 	1144
f 1146 	193 	1148
f 1193 	1192 	193
f 193 	1153 	210
f 193 	1152 	1153
f 1145 	1152 	193
f 1153 	1156 	1157
f 1156 	1153 	1155
f 1152 	1155 	1153
f 1161 	1208 	1160
f 1157 	1160 	1153
f 1037 	184 	717
f 1171 	1036 	1169
f 1181 	1173 	1171
f 1171 	1035 	1036
f 1173 	1035 	1171
f 1176 	1051 	998
f 1177 	1178 	998
f 1178 	1176 	998
f 1180 	1208 	1161
f 1181 	1167 	1173
f 1181 	1166 	1167
f 1166 	1171 	1169
f 1166 	1181 	1171
f 1024 	1033 	1169
f 1261 	1208 	1180
f 1186 	1187 	1177
f 1186 	1177 	998
f 1186 	1191 	1187
f 1143 	1192 	1193
f 998 	1082 	1186
f 973 	1194 	1082
f 1206 	1105 	182
f 1186 	1082 	1196
f 1193 	182 	304
f 598 	973 	592
f 1195 	1082 	1194
f 1196 	1191 	1186
f 1208 	182 	1193
f 144 	1216 	1193
f 1148 	193 	1149
f 1149 	193 	1192
f 1200 	144 	321
f 1004 	1053 	999
f 1196 	1082 	1195
f 1202 	182 	1208
f 1203 	973 	1204
f 1198 	973 	1203
f 1206 	632 	1105
f 592 	973 	1082
f 1202 	1206 	182
f 1202 	929 	1206
f 1208 	1210 	929
f 632 	1206 	929
f 1208 	929 	1202
f 144 	1200 	1216
f 1211 	1216 	1200
f 1213 	1216 	1211
f 1215 	973 	1199
f 1216 	1208 	1193
f 1201 	1194 	973
f 1218 	973 	1215
f 1218 	1222 	973
f 1217 	1201 	973
f 1166 	1169 	1033
f 47 	46 	1233
f 1166 	1033 	1234
f 46 	1234 	1233
f 1033 	47 	1233
f 1234 	1033 	1233
f 265 	258 	1033
f 1552 	1239 	1240
f 1020 	730 	1241
f 1552 	1244 	1239
f 210 	1153 	171
f 333 	171 	1245
f 207 	210 	171
f 1245 	1262 	1249
f 1250 	1245 	1249
f 1030 	1241 	1242
f 1242 	98 	1030
f 730 	1242 	1241
f 106 	98 	1242
f 1250 	322 	1245
f 322 	323 	1245
f 323 	328 	1245
f 1245 	171 	1262
f 1208 	1262 	1153
f 1262 	171 	1153
f 1153 	1160 	1208
f 1264 	1266 	1265
f 1265 	1266 	1269
f 1266 	1268 	1269
f 1265 	1271 	1264
f 1265 	1275 	1273
f 1269 	1275 	1265
f 1276 	1273 	1275
f 1273 	1277 	1271
f 1273 	1271 	1320
f 1276 	1278 	1273
f 1266 	1264 	1277
f 1266 	1277 	1281
f 1271 	1277 	1264
f 1246 	1247 	1552
f 1552 	1247 	1244
f 1277 	1273 	1278
f 258 	47 	1033
f 1278 	1281 	1277
f 1266 	1281 	1268
f 469 	1572 	47
f 473 	1488 	472
f 1488 	161 	472
f 171 	104 	472
f 100 	472 	107
f 183 	1290 	184
f 1248 	1249 	1262
f 1210 	1208 	1261
f 1216 	1262 	1208
f 57 	813 	1290
f 1248 	1262 	1216
f 1248 	1216 	1213
f 1290 	173 	57
f 1290 	813 	816
f 1296 	1288 	1294
f 1289 	1294 	1288
f 1294 	1387 	1296
f 361 	350 	1291
f 365 	361 	1291
f 151 	293 	1291
f 1265 	471 	1271
f 1317 	1291 	293
f 1319 	1317 	281
f 1265 	1273 	1320
f 282 	1319 	281
f 118 	760 	1323
f 760 	1328 	1323
f 1325 	1319 	1323
f 293 	281 	1317
f 127 	445 	969
f 159 	720 	905
f 1326 	1494 	1323
f 1324 	1362 	1320
f 448 	445 	127
f 1361 	1345 	1265
f 1350 	1344 	1345
f 1344 	567 	374
f 1344 	566 	567
f 1326 	1328 	1352
f 1331 	1326 	1352
f 566 	1344 	1350
f 760 	765 	1328
f 471 	1345 	486
f 448 	1271 	471
f 471 	1265 	1345
f 1363 	1361 	1362
f 1265 	1362 	1361
f 183 	173 	1290
f 1369 	1368 	1379
f 1369 	1234 	1368
f 1368 	50 	141
f 1265 	1320 	1362
f 1166 	1234 	1369
f 1371 	1361 	1374
f 1374 	1361 	1363
f 1369 	1167 	1166
f 1379 	1167 	1369
f 1357 	1388 	1387
f 1357 	1387 	1328
f 1035 	1173 	1380
f 1379 	1173 	1167
f 1401 	1399 	1400
f 1401 	1403 	1399
f 1293 	1387 	1388
f 1387 	1409 	1328
f 1324 	127 	1362
f 1441 	1361 	1418
f 448 	127 	1271
f 1371 	127 	1418
f 127 	1371 	1374
f 1374 	1363 	127
f 1363 	1362 	127
f 1361 	1350 	1345
f 566 	1350 	1436
f 1435 	1436 	1350
f 566 	1436 	568
f 1435 	789 	1436
f 568 	1436 	720
f 1435 	1350 	1441
f 1361 	1441 	1350
f 1441 	1418 	789
f 1352 	1409 	1546
f 1361 	1371 	1418
f 1331 	1352 	1448
f 1324 	1320 	127
f 1320 	1271 	127
f 1435 	1441 	789
f 127 	789 	1418
f 1409 	1352 	1328
f 1331 	1448 	1326
f 1464 	1326 	1448
f 1380 	1399 	246
f 1323 	1328 	1326
f 1399 	1458 	250
f 250 	247 	1399
f 1409 	1387 	1546
f 1399 	1403 	1458
f 1412 	1380 	1173
f 218 	1380 	246
f 1449 	1464 	1448
f 1379 	1412 	1173
f 1380 	1412 	1399
f 1380 	218 	1035
f 1471 	1400 	1399
f 1448 	1352 	1449
f 1480 	1473 	1412
f 1399 	1412 	1471
f 1475 	1476 	1469
f 1464 	1494 	1326
f 1137 	1477 	1110
f 1471 	1412 	1473
f 1477 	1482 	1483
f 1477 	1483 	1110
f 1476 	1484 	1469
f 1482 	1138 	1483
f 1138 	1139 	1483
f 1469 	1379 	1485
f 300 	302 	1483
f 148 	1489 	1485
f 1469 	1485 	1489
f 1475 	1469 	1489
f 1293 	1388 	1483
f 1357 	1483 	1388
f 1485 	1379 	1368
f 1293 	1296 	1387
f 1484 	1492 	1469
f 1412 	1469 	1480
f 1492 	1480 	1469
f 365 	1291 	1505
f 1412 	1379 	1469
f 1449 	1496 	1464
f 1496 	1494 	1464
f 1496 	1497 	1494
f 141 	193 	1485
f 1368 	141 	1485
f 1319 	1325 	1494
f 1317 	1319 	1494
f 1325 	1323 	1494
f 1505 	1291 	1317
f 1486 	1006 	348
f 1487 	621 	1486
f 43 	1486 	25
f 171 	472 	161
f 1505 	1317 	1494
f 1497 	1505 	1494
f 1497 	1513 	1511
f 1517 	1497 	1516
f 1496 	1516 	1497
f 1546 	1496 	1449
f 1517 	1530 	1497
f 1513 	1497 	1530
f 366 	367 	1511
f 365 	1511 	367
f 1505 	1497 	1511
f 1511 	1513 	1535
f 1505 	1511 	365
f 1535 	1538 	1511
f 1538 	369 	1511
f 366 	1511 	369
f 1449 	1352 	1546
f 1496 	1546 	1516
f 1513 	1552 	1551
f 1240 	1551 	1552
f 1530 	1555 	1513
f 1554 	1513 	1555
f 1555 	1530 	1294
f 1516 	1546 	1294
f 1546 	1387 	1294
f 1517 	1516 	1294
f 1513 	1554 	1552
f 1561 	1534 	1513
f 1534 	1535 	1513
f 1551 	1561 	1513
f 371 	1292 	1483
f 302 	308 	1483
f 1293 	1483 	1292
f 1289 	1246 	1294
f 1552 	1294 	1246
f 1552 	1554 	1294
f 1555 	1294 	1554
f 1530 	1517 	1294
f 47 	1572 	90
f 1319 	1607 	1323
f 1607 	118 	1323
f 1319 	282 	1607
f 182 	1105 	129
f 144 	50 	35
f 50 	1368 	35
f 144 	141 	50
f 35 	1368 	46
# 1033 faces

 #end of obj_0

